date,portfolio_return,benchmark_return,rf,smb,hml,rmw,cma
2016-08-29,0.03004671,0.02017556,0.0000,0.0000,0.0034,-0.0008,0.0019
2016-08-30,0.00290448,-0.00019483,0.0000,0.0022,0.0028,-0.0012,-0.0033
2016-08-31,-0.00278911,-0.00129216,0.0000,-0.0035,0.0015,0.0025,-0.0037
2016-09-01,-0.03090767,-0.02104102,0.0000,0.0005,-0.0051,0.0010,-0.0014
2016-09-02,-0.00141935,-0.00869077,0.0000,0.0043,0.0036,-0.0015,0.0021
2016-09-06,0.01212972,0.00466036,0.0000,0.0003,-0.0055,-0.0060,-0.0004
2016-09-07,0.00826510,-0.00452229,0.0000,0.0061,0.0002,-0.0005,-0.0023
2016-09-08,-0.01137813,0.00008237,0.0000,0.0004,0.0059,-0.0084,0.0039
2016-09-09,-0.00931770,-0.01030203,0.0000,-0.0057,0.0043,0.0000,-0.0044
2016-09-12,-0.01842422,-0.01175767,0.0000,-0.0004,-0.0044,-0.0015,-0.0019
2016-09-13,-0.02212275,-0.01802276,0.0000,-0.0031,-0.0043,0.0055,-0.0071
2016-09-14,0.00164872,0.00063580,0.0000,0.0005,-0.0081,0.0009,-0.0048
2016-09-15,0.00635903,0.00605116,0.0000,0.0030,-0.0032,0.0007,-0.0018
2016-09-16,0.01889713,0.01498977,0.0000,0.0029,-0.0044,0.0021,-0.0019
2016-09-19,-0.01122545,-0.01203444,0.0000,0.0051,0.0015,-0.0009,0.0035
2016-09-20,-0.02617620,-0.01800916,0.0000,-0.0035,-0.0040,-0.0055,-0.0011
2016-09-21,0.00596791,0.00689723,0.0000,0.0021,0.0033,-0.0037,0.0053
2016-09-22,-0.01841809,-0.01330168,0.0000,0.0081,-0.0006,0.0008,0.0013
2016-09-23,0.03360544,0.01814792,0.0000,-0.0005,-0.0020,0.0052,-0.0052
2016-09-26,0.00793150,0.01096466,0.0000,-0.0030,-0.0036,-0.0015,0.0019
2016-09-27,-0.01137925,-0.00830190,0.0000,-0.0013,-0.0049,-0.0004,-0.0039
2016-09-28,-0.02813660,-0.01682934,0.0000,0.0023,0.0110,-0.0090,0.0114
2016-09-29,-0.00497851,-0.00100134,0.0000,-0.0039,0.0050,0.0027,0.0068
2016-09-30,-0.00283250,-0.00028801,0.0000,0.0043,0.0034,-0.0019,0.0009
2016-10-03,0.00074838,-0.00285142,0.0000,-0.0003,-0.0014,0.0005,0.0016
2016-10-04,0.01967390,0.01807196,0.0000,0.0006,0.0014,0.0011,-0.0032
2016-10-05,-0.01035533,-0.00496049,0.0000,0.0042,0.0080,-0.0049,0.0044
2016-10-06,0.00257085,0.00169731,0.0000,-0.0022,0.0028,0.0045,0.0024
2016-10-07,0.02523340,0.02380938,0.0000,-0.0054,0.0020,-0.0028,-0.0036
2016-10-10,0.02736426,0.01981617,0.0000,0.0057,0.0005,-0.0053,-0.0020
2016-10-11,0.02351633,0.01514215,0.0000,-0.0056,0.0043,0.0040,0.0008
2016-10-12,0.00969141,0.00885565,0.0000,-0.0022,0.0034,0.0067,0.0013
2016-10-13,0.00153215,0.00067178,0.0000,-0.0075,-0.0062,0.0033,-0.0017
2016-10-14,-0.00136132,-0.00075272,0.0000,-0.0036,0.0058,0.0007,0.0010
2016-10-17,0.03397389,0.02866344,0.0000,-0.0002,0.0015,0.0010,0.0013
2016-10-18,0.00003951,-0.00027036,0.0000,-0.0017,0.0005,-0.0030,-0.0031
2016-10-19,-0.00339335,0.00027181,0.0000,0.0014,0.0093,-0.0011,0.0050
2016-10-20,-0.00428868,-0.00314190,0.0000,-0.0004,-0.0011,-0.0048,-0.0005
2016-10-21,0.00278366,0.00607728,0.0000,-0.0018,-0.0033,0.0017,-0.0019
2016-10-24,0.01026453,0.01905501,0.0000,0.0006,-0.0019,0.0060,-0.0049
2016-10-25,-0.00805473,-0.00524972,0.0000,-0.0060,0.0024,0.0000,-0.0002
2016-10-26,-0.03578918,-0.02918832,0.0000,-0.0073,0.0071,0.0010,0.0054
2016-10-27,-0.01591175,-0.00562626,0.0000,-0.0094,0.0056,-0.0013,-0.0001
2016-10-28,0.00063010,-0.01186380,0.0000,-0.0012,0.0009,-0.0013,0.0036
2016-10-31,0.00538302,0.00546327,0.0000,0.0011,0.0009,0.0048,-0.0033
2016-11-01,0.00101623,0.00180462,0.0000,-0.0039,0.0023,-0.0049,-0.0006
2016-11-02,0.01514442,0.00444628,0.0000,-0.0055,0.0026,0.0096,0.0011
2016-11-03,0.00998791,0.00888231,0.0000,-0.0036,0.0105,0.0012,0.0081
2016-11-04,-0.00589005,-0.00728986,0.0000,0.0084,-0.0042,-0.0010,-0.0010
2016-11-07,0.00160205,0.00055633,0.0000,0.0016,-0.0011,-0.0029,-0.0020
2016-11-08,-0.00221069,0.00372496,0.0000,-0.0011,-0.0023,-0.0005,0.0029
2016-11-09,0.00959302,0.00716275,0.0000,0.0213,0.0107,-0.0079,0.0074
2016-11-10,-0.00891771,-0.01384813,0.0000,0.0146,0.0185,-0.0025,0.0036
2016-11-11,0.01399955,0.00554936,0.0000,0.0253,-0.0002,0.0003,-0.0029
2016-11-14,0.01827230,0.01476115,0.0000,0.0092,0.0141,-0.0022,0.0038
2016-11-15,-0.01258628,-0.00745614,0.0000,-0.0054,0.0015,-0.0050,0.0018
2016-11-16,-0.00047021,-0.00140658,0.0000,0.0021,-0.0054,0.0075,-0.0016
2016-11-17,0.01101101,-0.00173621,0.0000,0.0016,-0.0015,0.0017,-0.0043
2016-11-18,-0.01510516,-0.00788561,0.0000,0.0057,0.0038,-0.0020,0.0010
2016-11-21,-0.00199535,-0.00120068,0.0000,-0.0026,0.0005,-0.0006,0.0030
2016-11-22,0.00813290,0.00433347,0.0000,0.0064,0.0053,0.0083,0.0032
2016-11-23,-0.01335759,-0.00883630,0.0000,0.0056,0.0019,-0.0025,0.0015
2016-11-25,0.01896824,0.00776964,0.0000,-0.0005,-0.0029,0.0027,-0.0017
2016-11-28,0.00902955,0.00981442,0.0000,-0.0078,0.0008,0.0066,-0.0034
2016-11-29,-0.00118946,-0.00070200,0.0000,-0.0039,-0.0005,0.0042,-0.0052
2016-11-30,-0.02054626,-0.00733314,0.0000,-0.0016,0.0220,-0.0142,0.0197
2016-12-01,0.00411892,0.00660311,0.0000,-0.0038,0.0203,0.0030,0.0062
2016-12-02,0.00892744,0.00902720,0.0000,-0.0001,-0.0032,-0.0011,0.0006
2016-12-05,0.02142112,0.00841859,0.0000,0.0112,0.0027,-0.0030,-0.0017
2016-12-06,-0.00839284,-0.00721242,0.0000,0.0063,0.0021,-0.0015,-0.0007
2016-12-07,0.01257060,0.00460875,0.0000,-0.0049,0.0048,0.0084,0.0000
2016-12-08,-0.00923151,-0.00786382,0.0000,0.0124,0.0060,-0.0020,-0.0011
2016-12-09,-0.00784526,-0.00123794,0.0000,-0.0035,0.0020,-0.0006,-0.0007
2016-12-12,-0.01027468,-0.00791593,0.0000,-0.0097,-0.0014,0.0012,0.0003
2016-12-13,0.01413367,0.01002570,0.0000,-0.0058,-0.0025,0.0005,-0.0018
2016-12-14,0.00434023,0.00062252,0.0000,-0.0039,-0.0028,0.0044,-0.0050
2016-12-15,0.01808489,0.01460965,0.0000,0.0046,0.0029,0.0004,0.0003
2016-12-16,0.01662109,0.00977082,0.0000,-0.0002,-0.0041,-0.0015,-0.0003
2016-12-19,0.01405880,0.00788473,0.0000,0.0032,0.0006,0.0023,0.0003
2016-12-20,-0.00009353,-0.00102855,0.0000,0.0050,0.0064,0.0011,0.0007
2016-12-21,0.00877094,0.00160042,0.0000,-0.0035,0.0020,0.0014,0.0007
2016-12-22,-0.01553741,-0.00954730,0.0000,-0.0077,0.0025,-0.0021,0.0006
2016-12-23,-0.00982842,-0.01064414,0.0000,0.0053,-0.0050,-0.0035,-0.0014
2016-12-27,0.01074228,0.00134216,0.0000,0.0024,0.0013,0.0018,0.0006
2016-12-28,0.00228701,0.00328445,0.0000,-0.0029,0.0008,0.0017,-0.0016
2016-12-29,0.02251174,0.01556546,0.0000,0.0010,-0.0033,0.0027,0.0003
2016-12-30,0.00106816,0.00455918,0.0000,-0.0006,0.0021,-0.0012,0.0004
2017-01-03,0.00931317,0.00764682,0.0000,-0.0009,0.0006,-0.0020,0.0025
2017-01-04,-0.00473049,-0.00325079,0.0000,0.0097,-0.0015,-0.0047,-0.0005
2017-01-05,0.00682165,0.00543618,0.0000,-0.0102,-0.0078,-0.0023,-0.0009
2017-01-06,0.00345144,0.01040348,0.0000,-0.0074,-0.0031,-0.0035,-0.0030
2017-01-09,-0.01197800,-0.00759073,0.0000,-0.0034,-0.0103,0.0014,-0.0050
2017-01-10,-0.01051594,-0.00716228,0.0000,0.0093,0.0043,0.0004,0.0005
2017-01-11,-0.01018577,-0.00618762,0.0000,-0.0015,0.0068,0.0006,0.0026
2017-01-12,-0.01231001,-0.00637450,0.0000,-0.0065,-0.0086,0.0005,-0.0029
2017-01-13,-0.00439892,-0.00642260,0.0000,0.0059,-0.0009,-0.0027,-0.0016
2017-01-17,0.01450338,0.00972629,0.0000,-0.0096,-0.0064,0.0058,0.0039
2017-01-18,0.00849411,0.00859764,0.0000,0.0020,0.0023,-0.0010,-0.0008
2017-01-19,-0.00052557,0.00059559,0.0000,-0.0055,-0.0006,-0.0010,-0.0003
2017-01-20,0.01544243,0.00939719,0.0000,0.0008,0.0022,0.0013,0.0003
2017-01-23,0.00457433,-0.00187078,0.0000,-0.0006,-0.0033,0.0042,-0.0036
2017-01-24,0.01866434,0.01514686,0.0000,0.0080,0.0081,-0.0024,0.0049
2017-01-25,0.00269548,0.00253812,0.0000,0.0021,0.0043,-0.0024,-0.0015
2017-01-26,-0.00285338,-0.00208430,0.0000,-0.0058,0.0040,-0.0008,-0.0015
2017-01-27,-0.02985421,-0.02842574,0.0000,-0.0007,-0.0068,0.0011,0.0006
2017-01-30,0.00026764,0.00033925,0.0000,-0.0074,-0.0046,0.0060,-0.0015
2017-01-31,0.02278106,0.01297570,0.0000,0.0081,-0.0055,-0.0039,-0.0026
2017-02-01,-0.02185144,-0.01567477,0.0000,-0.0008,0.0004,0.0022,-0.0023
2017-02-02,-0.00791301,-0.00772798,0.0000,-0.0029,-0.0029,-0.0028,0.0015
2017-02-03,-0.01335204,-0.01310369,0.0000,0.0061,0.0074,-0.0049,0.0027
2017-02-06,-0.00001035,-0.00417953,0.0000,-0.0065,-0.0016,0.0007,-0.0022
2017-02-07,-0.02607941,-0.01132320,0.0000,-0.0038,-0.0051,0.0038,-0.0023
2017-02-08,0.01369597,0.01021986,0.0000,-0.0028,-0.0059,0.0030,-0.0009
2017-02-09,0.00557071,0.00749930,0.0000,0.0070,0.0008,-0.0026,0.0007
2017-02-10,0.00266656,0.00098520,0.0000,0.0039,0.0017,-0.0003,0.0014
2017-02-13,0.00793418,0.00653707,0.0000,-0.0027,0.0034,-0.0001,0.0004
2017-02-14,-0.01829878,-0.01131683,0.0000,-0.0017,0.0035,-0.0044,-0.0009
2017-02-15,-0.00962879,-0.00731476,0.0000,0.0014,-0.0042,0.0020,-0.0005
2017-02-16,-0.00576623,-0.00604445,0.0000,-0.0022,0.0000,0.0027,-0.0021
2017-02-17,0.00013838,0.00589299,0.0000,-0.0007,-0.0054,0.0001,-0.0040
2017-02-21,0.01875070,0.00935088,0.0000,0.0006,0.0013,0.0032,0.0036
2017-02-22,0.00934840,-0.00011628,0.0000,-0.0038,0.0010,0.0048,-0.0032
2017-02-23,0.01217663,0.00428917,0.0000,-0.0071,0.0024,-0.0026,-0.0045
2017-02-24,0.01346356,0.01254389,0.0000,-0.0011,-0.0096,0.0031,-0.0021
2017-02-27,0.00985814,0.00418557,0.0000,0.0085,-0.0034,-0.0036,-0.0013
2017-02-28,-0.00362309,0.00341247,0.0000,-0.0135,0.0014,-0.0002,-0.0019
2017-03-01,-0.00555241,-0.00694503,0.0000,0.0051,0.0077,-0.0053,0.0053
2017-03-02,0.00924427,0.00856652,0.0000,-0.0054,-0.0090,0.0062,-0.0043
2017-03-03,-0.02616450,-0.01149139,0.0000,-0.0017,0.0014,-0.0006,-0.0009
2017-03-06,0.01647176,0.01689543,0.0000,-0.0040,-0.0008,-0.0005,0.0000
2017-03-07,0.00429363,0.00183858,0.0000,-0.0035,-0.0007,0.0009,-0.0025
2017-03-08,-0.00782720,-0.00362032,0.0000,-0.0019,-0.0083,0.0044,-0.0075
2017-03-09,-0.02352698,-0.00888157,0.0000,-0.0052,-0.0023,-0.0058,-0.0016
2017-03-10,0.00766694,0.00216837,0.0000,0.0006,-0.0047,0.0027,0.0003
2017-03-13,0.00822515,0.00240582,0.0000,0.0031,-0.0008,-0.0011,0.0005
2017-03-14,0.00016847,-0.00447599,0.0000,-0.0022,-0.0001,0.0050,-0.0025
2017-03-15,-0.01338179,-0.00729322,0.0000,0.0069,-0.0046,-0.0011,0.0050
2017-03-16,0.01268315,0.00264341,0.0000,0.0044,0.0023,-0.0016,-0.0037
2017-03-17,-0.01042041,-0.00842303,0.0000,0.0057,-0.0034,0.0015,0.0003
2017-03-20,0.00290453,-0.00291920,0.0000,-0.0020,-0.0071,-0.0015,-0.0007
2017-03-21,-0.01142460,-0.00973287,0.0000,-0.0140,-0.0071,0.0084,0.0029
2017-03-22,0.01905845,0.00985087,0.0000,-0.0033,-0.0057,0.0016,-0.0015
2017-03-23,0.00347188,-0.00460267,0.0000,0.0074,0.0049,-0.0003,0.0021
2017-03-24,-0.00223023,-0.00892272,0.0000,0.0011,-0.0020,-0.0026,-0.0031
2017-03-27,0.00701818,0.01338962,0.0000,0.0046,-0.0049,-0.0021,-0.0026
2017-03-28,-0.01059225,-0.00638258,0.0000,-0.0004,0.0072,0.0005,0.0041
2017-03-29,0.00624072,0.00242894,0.0000,0.0033,-0.0009,-0.0025,0.0015
2017-03-30,0.01906670,0.00607461,0.0000,0.0042,0.0092,-0.0006,-0.0014
2017-03-31,0.00784022,0.00007745,0.0000,0.0054,-0.0032,0.0004,0.0010
2017-04-03,-0.01210330,-0.00965826,0.0000,-0.0115,-0.0008,-0.0016,-0.0009
2017-04-04,0.00011630,-0.00143711,0.0000,-0.0024,0.0031,-0.0008,0.0019
2017-04-05,-0.00100608,0.00724156,0.0000,-0.0082,-0.0030,0.0045,-0.0008
2017-04-06,0.00218590,-0.00087636,0.0000,0.0073,0.0048,-0.0013,0.0037
2017-04-07,-0.00577000,-0.01093600,0.0000,0.0008,-0.0026,0.0001,-0.0005
2017-04-10,-0.01124873,-0.00293613,0.0000,0.0014,0.0007,0.0019,0.0046
2017-04-11,0.03182772,0.01966808,0.0000,0.0080,0.0023,0.0020,0.0018
2017-04-12,0.03611059,0.02595573,0.0000,-0.0094,-0.0054,-0.0004,-0.0055
2017-04-13,-0.01592779,-0.00981099,0.0000,-0.0035,-0.0081,-0.0003,-0.0038
2017-04-17,0.02580152,0.01448197,0.0000,0.0029,0.0024,0.0003,-0.0014
2017-04-18,0.01014989,0.00565823,0.0000,0.0031,-0.0019,0.0031,0.0012
2017-04-19,0.01736778,0.00924742,0.0000,0.0056,-0.0044,0.0043,-0.0084
2017-04-20,0.02558952,0.01773210,0.0000,0.0059,0.0026,0.0020,-0.0019
2017-04-21,0.02153374,0.00664927,0.0000,0.0006,-0.0015,0.0035,-0.0020
2017-04-24,0.00525085,0.00701184,0.0000,0.0026,0.0050,-0.0008,0.0014
2017-04-25,-0.00340733,0.00232758,0.0000,0.0040,-0.0007,-0.0037,0.0031
2017-04-26,-0.02315484,-0.01265911,0.0000,0.0075,0.0032,0.0023,-0.0001
2017-04-27,-0.00150833,-0.00560043,0.0000,-0.0020,-0.0097,0.0020,-0.0056
2017-04-28,-0.01490762,-0.00694289,0.0000,-0.0076,-0.0060,0.0009,-0.0021
2017-05-01,-0.01922856,-0.01340249,0.0000,0.0023,-0.0011,-0.0020,-0.0052
2017-05-02,-0.01051776,-0.01025697,0.0000,-0.0045,-0.0023,0.0042,-0.0029
2017-05-03,-0.00872749,-0.00302483,0.0000,-0.0051,0.0023,-0.0005,0.0010
2017-05-04,0.00131623,-0.00176129,0.0000,-0.0014,-0.0033,0.0032,-0.0073
2017-05-05,0.00042270,0.00515028,0.0000,0.0009,0.0000,-0.0023,0.0064
2017-05-08,-0.00683925,-0.00426747,0.0000,-0.0020,0.0025,0.0013,0.0007
2017-05-09,0.00114108,0.00157854,0.0000,0.0040,-0.0080,0.0034,-0.0034
2017-05-10,-0.00357376,-0.00043731,0.0000,0.0025,0.0003,-0.0031,0.0038
2017-05-11,-0.01790119,-0.00430632,0.0000,-0.0043,-0.0016,-0.0025,-0.0003
2017-05-12,-0.00563932,-0.00402318,0.0000,-0.0038,-0.0061,-0.0027,-0.0032
2017-05-15,-0.00173678,0.00327069,0.0000,0.0025,0.0020,-0.0030,0.0003
2017-05-16,0.01386863,0.01165472,0.0000,0.0010,-0.0009,-0.0024,-0.0012
2017-05-17,-0.00388593,0.00155736,0.0000,-0.0095,-0.0060,0.0053,0.0028
2017-05-18,-0.00935189,-0.00788115,0.0000,0.0000,-0.0038,-0.0035,-0.0059
2017-05-19,-0.00345542,-0.00192740,0.0000,-0.0033,0.0040,-0.0009,0.0080
2017-05-22,0.01972548,0.01336194,0.0000,0.0025,-0.0030,-0.0005,-0.0030
2017-05-23,0.01157752,0.01048056,0.0000,-0.0002,0.0064,-0.0023,0.0006
2017-05-24,0.01341822,0.01734249,0.0000,-0.0020,-0.0046,0.0015,-0.0029
2017-05-25,0.00051162,-0.00418833,0.0000,-0.0035,-0.0074,0.0055,-0.0062
2017-05-26,-0.00099735,-0.00000469,0.0000,-0.0002,0.0010,0.0018,0.0021
2017-05-30,0.01380570,0.01819929,0.0000,-0.0054,-0.0035,0.0063,-0.0001
2017-05-31,0.01233075,0.01383671,0.0000,-0.0004,-0.0053,0.0027,-0.0007
2017-06-01,-0.00038958,-0.00014470,0.0000,0.0101,0.0004,-0.0022,0.0008
2017-06-02,-0.00138621,-0.00182694,0.0000,0.0043,-0.0076,0.0017,-0.0046
2017-06-05,0.00598782,0.00526661,0.0000,-0.0045,-0.0004,-0.0017,0.0005
2017-06-06,-0.01615044,-0.01132144,0.0000,0.0010,-0.0003,-0.0047,0.0035
2017-06-07,0.00374086,0.00104731,0.0000,-0.0012,-0.0004,0.0053,-0.0066
2017-06-08,-0.00788172,-0.00415958,0.0000,0.0119,0.0093,-0.0069,-0.0005
2017-06-09,0.00837301,0.00925226,0.0000,0.0031,0.0244,-0.0016,0.0109
2017-06-12,0.00565901,0.00478480,0.0000,-0.0016,0.0034,0.0008,0.0058
2017-06-13,-0.03902993,-0.02084434,0.0000,0.0005,-0.0014,-0.0030,-0.0007
2017-06-14,-0.01690081,-0.01372368,0.0000,-0.0055,-0.0052,0.0011,-0.0053
2017-06-15,-0.03030086,-0.02447600,0.0000,-0.0030,-0.0011,0.0008,-0.0009
2017-06-16,0.01417335,0.01294716,0.0000,-0.0023,-0.0019,-0.0043,0.0013
2017-06-19,0.00622470,0.00797431,0.0000,0.0009,-0.0073,-0.0013,-0.0009
2017-06-20,0.02880489,0.02218098,0.0000,-0.0044,-0.0048,-0.0022,-0.0025
2017-06-21,0.01920047,0.00380623,0.0000,-0.0023,-0.0167,-0.0023,-0.0114
2017-06-22,-0.01877454,-0.00939641,0.0000,0.0046,-0.0041,-0.0016,-0.0004
2017-06-23,-0.00732407,0.00177873,0.0000,0.0074,-0.0048,-0.0037,0.0007
2017-06-26,0.03110097,0.02262660,0.0000,0.0008,0.0070,0.0022,0.0019
2017-06-27,-0.01810294,-0.00109743,0.0000,-0.0021,0.0134,0.0033,0.0035
2017-06-28,-0.00716789,-0.00901845,0.0000,0.0080,0.0021,-0.0019,-0.0008
2017-06-29,0.00993043,-0.00049399,0.0000,0.0006,0.0137,-0.0024,0.0035
2017-06-30,0.00907161,0.00146424,0.0000,-0.0010,-0.0030,0.0021,0.0029
2017-07-03,-0.00789728,-0.00631138,0.0000,0.0045,0.0121,-0.0057,0.0066
2017-07-05,-0.01756566,-0.01099857,0.0000,-0.0068,-0.0058,0.0016,-0.0070
2017-07-06,0.01149510,0.00797394,0.0000,-0.0044,0.0012,0.0023,-0.0001
2017-07-07,0.01604225,0.01414491,0.0000,0.0040,-0.0041,0.0020,-0.0052
2017-07-10,-0.03091379,-0.01641858,0.0000,-0.0045,-0.0007,-0.0011,-0.0009
2017-07-11,0.00541477,-0.00090597,0.0000,0.0029,-0.0055,-0.0034,0.0016
2017-07-12,0.01506804,0.00458770,0.0000,0.0006,-0.0052,0.0011,-0.0020
2017-07-13,0.00804139,0.00763013,0.0000,-0.0002,0.0039,-0.0005,0.0022
2017-07-14,-0.00552128,-0.00745940,0.0000,-0.0022,-0.0052,0.0018,0.0001
2017-07-17,0.01622455,0.01112811,0.0000,0.0022,0.0010,0.0016,0.0009
2017-07-18,-0.01091871,-0.00278236,0.0000,-0.0036,-0.0030,-0.0008,-0.0041
2017-07-19,0.00745315,0.00945050,0.0000,0.0047,0.0003,-0.0025,0.0015
2017-07-20,-0.00249450,-0.00085406,0.0000,0.0005,-0.0005,0.0011,-0.0028
2017-07-21,0.01643202,0.01409978,0.0000,-0.0043,-0.0024,0.0002,-0.0031
2017-07-24,0.00264972,0.00669860,0.0000,0.0010,-0.0018,-0.0025,-0.0038
2017-07-25,-0.00126491,0.00018159,0.0000,0.0043,0.0096,-0.0019,0.0073
2017-07-26,0.00003108,-0.01124537,0.0000,-0.0047,-0.0076,-0.0018,0.0007
2017-07-27,-0.00936179,-0.01219161,0.0000,-0.0067,0.0044,0.0032,0.0039
2017-07-28,0.00346675,-0.00492061,0.0000,-0.0006,0.0027,-0.0020,0.0019
2017-07-31,-0.00532844,-0.00858295,0.0000,-0.0025,0.0046,-0.0001,0.0011
2017-08-01,0.00371811,0.00631620,0.0000,-0.0014,0.0014,0.0026,-0.0048
2017-08-02,-0.02848867,-0.01638035,0.0000,-0.0116,0.0015,0.0004,-0.0036
2017-08-03,0.00854530,0.00055878,0.0000,-0.0035,-0.0033,0.0028,-0.0029
2017-08-04,-0.00392708,-0.00633211,0.0000,0.0037,0.0040,-0.0009,0.0004
2017-08-07,0.01260125,0.00775201,0.0000,-0.0011,-0.0058,0.0024,-0.0036
2017-08-08,-0.00341889,-0.00246326,0.0000,-0.0008,0.0023,-0.0028,-0.0016
2017-08-09,0.00383562,0.01077350,0.0000,-0.0080,-0.0008,0.0019,0.0007
2017-08-10,-0.00083457,-0.00630176,0.0000,-0.0031,0.0026,0.0032,0.0013
2017-08-11,0.00261134,-0.00467107,0.0000,0.0017,-0.0087,0.0036,-0.0009
2017-08-14,0.01424170,0.01031244,0.0000,0.0032,0.0012,-0.0002,-0.0046
2017-08-15,-0.00934282,0.00069104,0.0000,-0.0087,-0.0003,-0.0018,-0.0026
2017-08-16,-0.01562349,-0.01839079,0.0000,-0.0014,-0.0044,0.0035,-0.0013
2017-08-17,0.00353529,0.00350420,0.0000,-0.0018,-0.0017,-0.0004,0.0013
2017-08-18,-0.00914952,-0.00704287,0.0000,0.0011,0.0024,-0.0030,-0.0002
2017-08-21,0.00149310,0.00032050,0.0000,-0.0027,-0.0022,0.0021,-0.0011
2017-08-22,-0.01991411,-0.01829857,0.0000,-0.0002,-0.0024,-0.0019,0.0013
2017-08-23,-0.00947459,-0.00163411,0.0000,0.0011,0.0041,-0.0053,0.0009
2017-08-24,0.00915543,0.00346344,0.0000,0.0058,0.0016,-0.0052,0.0011
2017-08-25,-0.02557711,-0.01055833,0.0000,0.0016,0.0056,0.0012,0.0023
2017-08-28,-0.00426040,-0.00730796,0.0000,0.0031,-0.0074,0.0019,-0.0019
2017-08-29,0.00624386,0.00844795,0.0000,0.0009,-0.0038,0.0001,0.0009
2017-08-30,-0.00961906,-0.00703846,0.0000,0.0000,-0.0032,0.0008,-0.0041
2017-08-31,0.01778045,0.00840995,0.0000,0.0041,-0.0043,-0.0034,-0.0008
2017-09-01,-0.00240453,-0.00889400,0.0000,0.0042,0.0040,-0.0010,0.0035
2017-09-05,0.01040271,0.00144808,0.0000,-0.0004,-0.0099,-0.0006,0.0054
2017-09-06,0.00929134,0.01078755,0.0000,-0.0005,0.0012,-0.0037,0.0013
2017-09-07,0.03620969,0.02560051,0.0000,0.0001,-0.0091,0.0001,0.0008
2017-09-08,-0.00383256,-0.00490540,0.0000,0.0013,0.0038,0.0022,-0.0013
2017-09-11,0.02704949,0.02024417,0.0000,-0.0007,0.0064,-0.0037,-0.0010
2017-09-12,-0.00710160,-0.00043981,0.0000,0.0034,0.0072,0.0009,0.0019
2017-09-13,0.03180885,0.02193764,0.0000,0.0027,0.0032,-0.0033,0.0012
2017-09-14,0.01745692,0.00488156,0.0000,-0.0006,-0.0006,-0.0036,0.0021
2017-09-15,-0.00864698,-0.00771497,0.0000,0.0025,0.0014,0.0027,-0.0002
2017-09-18,0.00725754,0.00389154,0.0000,0.0041,0.0021,-0.0049,0.0022
2017-09-19,-0.00456062,-0.00555396,0.0000,-0.0021,0.0040,0.0002,0.0006
2017-09-20,0.01044165,0.00515933,0.0000,0.0027,0.0049,-0.0019,0.0031
2017-09-21,0.00731841,0.00256262,0.0000,0.0015,0.0037,-0.0006,-0.0007
2017-09-22,0.01648536,0.00837474,0.0000,0.0044,0.0012,0.0039,0.0029
2017-09-25,0.01627331,0.01527719,0.0000,0.0035,0.0059,-0.0022,0.0063
2017-09-26,0.01280303,0.00528979,0.0000,0.0046,0.0017,0.0058,-0.0014
2017-09-27,-0.00439464,-0.00226389,0.0000,0.0143,0.0023,-0.0028,-0.0051
2017-09-28,-0.01593374,-0.01698330,0.0000,0.0017,-0.0005,-0.0009,-0.0018
2017-09-29,0.00590487,-0.00317160,0.0000,-0.0014,-0.0026,-0.0011,-0.0038
2017-10-02,0.00701262,0.00637049,0.0000,0.0088,0.0013,-0.0021,0.0026
2017-10-03,0.01106895,0.00430502,0.0000,-0.0003,-0.0005,-0.0001,-0.0008
2017-10-04,0.01196755,0.01491565,0.0000,-0.0034,-0.0045,-0.0010,0.0001
2017-10-05,0.00313385,0.01064119,0.0000,-0.0031,0.0039,-0.0033,-0.0018
2017-10-06,-0.00875477,-0.00319646,0.0000,-0.0008,-0.0025,0.0016,-0.0034
2017-10-09,-0.01695008,-0.01759075,0.0000,-0.0029,0.0000,0.0009,-0.0014
2017-10-10,0.00899262,0.00951710,0.0000,0.0002,0.0043,0.0012,0.0007
2017-10-11,-0.02242479,-0.00864475,0.0000,-0.0025,-0.0019,-0.0004,-0.0007
2017-10-12,0.01208132,0.01125663,0.0000,-0.0010,-0.0052,0.0016,0.0013
2017-10-13,0.02787808,0.01723417,0.0000,-0.0027,0.0012,0.0015,0.0002
2017-10-16,0.00376824,0.00423470,0.0000,-0.0026,0.0036,0.0003,-0.0009
2017-10-17,0.00658837,0.00482234,0.0000,-0.0035,-0.0031,0.0041,-0.0019
2017-10-18,-0.03343256,-0.02548223,0.0000,0.0035,0.0023,0.0029,-0.0013
2017-10-19,-0.00874581,-0.01114302,0.0000,-0.0035,0.0016,0.0014,0.0009
2017-10-20,0.01603120,0.00328133,0.0000,0.0000,0.0027,0.0007,0.0004
2017-10-23,-0.00222453,0.00917317,0.0000,-0.0038,0.0017,0.0027,-0.0027
2017-10-24,-0.00108288,0.00114714,0.0000,-0.0010,0.0049,-0.0001,-0.0013
2017-10-25,-0.00912688,-0.00828711,0.0000,0.0003,0.0015,0.0027,-0.0044
2017-10-26,0.01747328,0.01413167,0.0000,0.0005,0.0028,0.0010,-0.0019
2017-10-27,0.00852718,0.00578460,0.0000,-0.0008,-0.0098,0.0009,-0.0129
2017-10-30,0.00307276,0.01158959,0.0000,-0.0078,-0.0005,-0.0059,-0.0040
2017-10-31,0.01396462,0.00894747,0.0000,0.0077,-0.0025,-0.0013,0.0021
2017-11-01,0.00886876,0.00512131,0.0000,-0.0080,0.0008,0.0000,-0.0005
2017-11-02,0.00805440,0.00566052,0.0000,0.0001,0.0051,-0.0024,0.0034
2017-11-03,-0.00223966,-0.00120760,0.0000,-0.0054,-0.0072,-0.0017,-0.0012
2017-11-06,-0.03209814,-0.01778250,0.0000,0.0016,0.0019,-0.0065,0.0007
2017-11-07,0.00185913,0.00879257,0.0000,-0.0142,-0.0040,0.0047,-0.0008
2017-11-08,0.00344989,0.00334293,0.0000,-0.0005,-0.0060,0.0055,-0.0003
2017-11-09,0.01450313,0.00931873,0.0000,-0.0001,0.0022,0.0001,0.0006
2017-11-10,-0.00253281,-0.00196844,0.0000,0.0006,-0.0043,0.0023,0.0013
2017-11-13,-0.01377229,-0.01065604,0.0000,-0.0029,0.0009,0.0006,-0.0076
2017-11-14,0.02574847,0.02032975,0.0000,-0.0006,0.0000,0.0097,-0.0043
2017-11-15,-0.00397811,-0.00371175,0.0000,0.0005,0.0023,-0.0006,0.0013
2017-11-16,0.00869243,0.00538130,0.0000,0.0081,-0.0053,0.0057,0.0033
2017-11-17,0.01140569,0.00955468,0.0000,0.0072,0.0027,-0.0016,0.0035
2017-11-20,0.00041315,0.00195100,0.0000,0.0062,0.0003,0.0024,-0.0001
2017-11-21,-0.00816300,-0.00827215,0.0000,0.0036,-0.0033,0.0003,-0.0063
2017-11-22,-0.00682669,-0.00458468,0.0000,0.0008,-0.0008,-0.0026,0.0019
2017-11-24,0.01015507,0.00552957,0.0000,0.0000,-0.0043,0.0002,-0.0009
2017-11-27,-0.00565983,-0.00801586,0.0000,-0.0031,0.0001,0.0061,-0.0012
2017-11-28,0.01126857,0.00910334,0.0000,0.0057,0.0086,0.0032,-0.0001
2017-11-29,0.00042246,0.00734394,0.0000,0.0034,0.0148,0.0084,0.0059
2017-11-30,-0.00644590,-0.00842039,0.0000,-0.0060,-0.0052,-0.0028,0.0006
2017-12-01,0.00100513,0.00839448,0.0000,-0.0032,0.0038,-0.0039,0.0033
2017-12-04,0.01371071,0.01048497,0.0000,-0.0014,0.0122,0.0101,0.0056
2017-12-05,0.00689563,0.00827873,0.0000,-0.0047,-0.0022,0.0020,-0.0012
2017-12-06,0.01526031,0.01785140,0.0000,-0.0051,-0.0052,0.0040,-0.0048
2017-12-07,0.00083763,-0.00204546,0.0000,0.0029,-0.0020,-0.0025,0.0010
2017-12-08,-0.00555847,-0.00118973,0.0000,-0.0044,-0.0013,-0.0009,0.0008
2017-12-11,-0.01500051,-0.00983529,0.0000,-0.0043,-0.0018,-0.0004,0.0007
2017-12-12,0.00429709,0.00228199,0.0000,-0.0044,0.0050,0.0004,0.0010
2017-12-13,-0.00017280,-0.00110574,0.0000,0.0062,-0.0089,0.0026,-0.0007
2017-12-14,0.00389255,-0.00308773,0.0000,-0.0076,-0.0022,-0.0019,-0.0013
2017-12-15,0.02254633,0.01004248,0.0000,0.0068,0.0004,0.0031,-0.0048
2017-12-18,0.02603448,0.02424633,0.0000,0.0082,0.0027,0.0020,0.0016
2017-12-19,-0.00344557,-0.00294812,0.0000,-0.0034,-0.0024,0.0024,0.0041
2017-12-20,-0.00920596,-0.00929924,0.0000,0.0037,0.0006,-0.0018,0.0028
2017-12-21,0.00713841,0.00942586,0.0000,0.0031,0.0063,-0.0070,0.0031
2017-12-22,-0.01052474,-0.00911708,0.0000,-0.0019,-0.0021,-0.0010,0.0021
2017-12-26,0.01368151,0.01418506,0.0000,0.0031,-0.0007,-0.0013,0.0061
2017-12-27,0.00545701,0.00058241,0.0000,-0.0016,-0.0020,0.0007,-0.0012
2017-12-28,0.00874803,0.00465127,0.0000,0.0010,0.0005,-0.0013,-0.0019
2017-12-29,-0.00929877,-0.00283822,0.0000,-0.0031,0.0001,0.0016,0.0013
2018-01-02,-0.00540539,-0.01258549,0.0001,0.0032,-0.0021,-0.0051,0.0022
2018-01-03,0.01030843,0.00497905,0.0001,-0.0047,-0.0019,-0.0071,-0.0007
2018-01-04,-0.00511150,-0.00302459,0.0001,-0.0022,0.0024,-0.0002,0.0030
2018-01-05,-0.00194541,0.00027466,0.0001,-0.0037,-0.0025,0.0039,-0.0038
2018-01-08,0.01442685,0.00927151,0.0001,-0.0020,0.0004,-0.0006,0.0004
2018-01-09,0.00676101,0.00462400,0.0001,-0.0037,-0.0004,-0.0013,-0.0006
2018-01-10,-0.00364718,0.00165937,0.0001,0.0013,0.0057,-0.0037,-0.0002
2018-01-11,0.00623578,0.00650176,0.0001,0.0113,0.0030,-0.0022,0.0048
2018-01-12,0.00693351,0.00786526,0.0001,-0.0032,0.0016,-0.0010,0.0013
2018-01-16,0.00996783,0.01544757,0.0001,-0.0100,0.0001,0.0049,-0.0035
2018-01-17,-0.01183147,-0.00766653,0.0001,-0.0005,-0.0009,-0.0008,-0.0004
2018-01-18,-0.02444524,-0.01809534,0.0001,-0.0044,-0.0025,0.0031,-0.0030
2018-01-19,-0.00213218,-0.00167548,0.0001,0.0093,-0.0005,0.0009,0.0012
2018-01-22,0.00806260,0.01245275,0.0001,-0.0035,-0.0016,-0.0058,0.0019
2018-01-23,0.00134464,0.00093326,0.0001,0.0007,-0.0036,-0.0040,-0.0028
2018-01-24,-0.00242012,0.00417406,0.0001,-0.0075,0.0044,0.0002,0.0013
2018-01-25,0.01647381,0.01180460,0.0001,0.0010,-0.0054,0.0019,-0.0018
2018-01-26,-0.00542324,-0.00494814,0.0001,-0.0061,-0.0051,0.0029,-0.0018
2018-01-29,-0.00460722,0.00243782,0.0001,-0.0003,-0.0028,0.0015,-0.0031
2018-01-30,-0.01924569,-0.01542304,0.0001,0.0013,-0.0021,0.0041,-0.0036
2018-01-31,0.03391597,0.02349194,0.0001,-0.0067,0.0011,0.0009,-0.0006
2018-02-01,-0.00901992,-0.00019444,0.0001,0.0012,0.0053,-0.0055,-0.0001
2018-02-02,-0.00410681,0.00451127,0.0001,0.0001,-0.0029,0.0072,-0.0042
2018-02-05,-0.00621172,-0.00581257,0.0001,0.0066,-0.0059,0.0019,-0.0014
2018-02-06,0.02063119,0.01369678,0.0001,-0.0048,-0.0019,0.0003,-0.0015
2018-02-07,-0.00318558,-0.01006366,0.0001,0.0059,0.0021,0.0032,0.0030
2018-02-08,-0.01404351,-0.01148741,0.0001,0.0080,0.0052,0.0041,0.0004
2018-02-09,-0.00815133,-0.00231354,0.0001,-0.0054,0.0015,0.0017,-0.0044
2018-02-12,0.00302775,0.00587776,0.0001,-0.0046,-0.0030,-0.0024,-0.0018
2018-02-13,0.01038097,-0.00134252,0.0001,0.0011,-0.0024,0.0019,-0.0004
2018-02-14,0.00509103,0.00530404,0.0001,0.0029,0.0048,-0.0068,-0.0009
2018-02-15,0.00586518,0.00578840,0.0001,-0.0017,-0.0063,0.0021,-0.0033
2018-02-16,0.00239282,0.00352096,0.0001,0.0036,0.0015,0.0004,0.0008
2018-02-20,-0.00593561,-0.00138830,0.0001,-0.0030,-0.0024,-0.0027,-0.0053
2018-02-21,-0.01644740,-0.01205196,0.0001,0.0082,0.0023,0.0010,-0.0028
2018-02-22,-0.01027091,-0.00220100,0.0001,-0.0005,-0.0041,0.0010,0.0048
2018-02-23,-0.00170685,0.00008746,0.0001,-0.0037,-0.0014,-0.0017,-0.0014
2018-02-26,0.00438557,-0.00114823,0.0001,-0.0047,-0.0006,-0.0018,-0.0025
2018-02-27,0.00284671,-0.00348752,0.0001,-0.0019,0.0003,-0.0010,-0.0009
2018-02-28,0.01623578,0.01529455,0.0001,-0.0043,-0.0031,0.0021,-0.0027
2018-03-01,0.00197149,0.00394271,0.0001,0.0095,-0.0003,-0.0025,0.0004
2018-03-02,-0.00552586,0.00655312,0.0001,0.0111,-0.0048,-0.0045,-0.0039
2018-03-05,-0.01308123,-0.00803094,0.0001,-0.0041,0.0022,-0.0056,0.0007
2018-03-06,-0.00883973,-0.00423260,0.0001,0.0069,0.0013,0.0021,-0.0006
2018-03-07,0.00635741,0.00473703,0.0001,0.0076,-0.0044,-0.0007,-0.0041
2018-03-08,0.01351081,0.01427102,0.0001,-0.0058,-0.0035,0.0003,-0.0017
2018-03-09,0.00499552,0.00252914,0.0001,-0.0018,0.0027,-0.0024,-0.0003
2018-03-12,0.02060645,0.01865890,0.0001,0.0044,-0.0008,-0.0031,-0.0024
2018-03-13,0.00363036,-0.00610904,0.0001,0.0009,0.0003,0.0046,0.0005
2018-03-14,0.00857198,0.00200106,0.0001,0.0014,-0.0057,-0.0013,-0.0043
2018-03-15,-0.01634515,-0.01390370,0.0001,-0.0039,0.0031,0.0012,-0.0013
2018-03-16,0.00056670,0.00432267,0.0001,0.0047,0.0017,0.0007,0.0032
2018-03-19,0.01920825,0.01190257,0.0001,0.0042,0.0041,0.0030,0.0010
2018-03-20,0.01107860,0.01039540,0.0001,-0.0012,-0.0036,-0.0004,-0.0012
2018-03-21,-0.01743946,-0.01639139,0.0001,0.0069,0.0044,-0.0112,0.0082
2018-03-22,0.00691969,0.00215107,0.0001,0.0040,-0.0049,0.0022,0.0004
2018-03-23,-0.01692909,-0.01792956,0.0001,0.0010,-0.0023,0.0009,0.0075
2018-03-26,-0.00357001,0.00421247,0.0001,-0.0063,0.0003,-0.0002,-0.0060
2018-03-27,0.00972104,0.00771128,0.0001,-0.0022,0.0037,0.0081,0.0055
2018-03-28,0.00087107,0.00014143,0.0001,0.0019,0.0064,0.0077,0.0005
2018-03-29,-0.02529244,-0.01936770,0.0001,-0.0031,-0.0022,-0.0036,-0.0015
2018-04-02,-0.00546727,-0.00054929,0.0001,-0.0007,0.0038,0.0014,-0.0010
2018-04-03,0.00879844,0.00679651,0.0001,-0.0002,0.0018,0.0025,0.0016
2018-04-04,0.01791100,0.00998958,0.0001,0.0034,-0.0032,0.0007,-0.0014
2018-04-05,0.01434869,0.01604118,0.0001,0.0005,0.0046,0.0011,0.0026
2018-04-06,-0.00254184,-0.01171534,0.0001,0.0037,-0.0006,0.0013,0.0001
2018-04-09,-0.01120650,-0.00977285,0.0001,-0.0023,-0.0051,-0.0075,-0.0029
2018-04-10,-0.01372402,-0.01603070,0.0001,0.0033,-0.0012,-0.0092,0.0040
2018-04-11,0.00493172,-0.00143475,0.0001,0.0079,-0.0030,-0.0065,0.0028
2018-04-12,0.00085335,0.00095203,0.0001,-0.0016,0.0019,-0.0022,0.0002
2018-04-13,0.00632667,0.00059047,0.0001,-0.0011,-0.0025,-0.0008,0.0018
2018-04-16,0.00200508,0.00232272,0.0001,0.0014,-0.0002,0.0082,0.0003
2018-04-17,0.00312620,-0.00315065,0.0001,0.0000,-0.0118,-0.0031,-0.0047
2018-04-18,-0.00089107,-0.00434503,0.0001,0.0021,0.0002,-0.0028,0.0042
2018-04-19,0.00318632,0.00155301,0.0001,-0.0030,0.0108,-0.0048,0.0010
2018-04-20,0.01566171,0.00981735,0.0001,0.0011,0.0058,-0.0055,0.0030
2018-04-23,0.00364261,0.00380532,0.0001,-0.0006,0.0019,0.0030,0.0007
2018-04-24,-0.01219018,-0.00875452,0.0001,0.0064,0.0102,0.0004,0.0020
2018-04-25,-0.00766216,-0.00589015,0.0001,-0.0028,0.0006,0.0041,0.0021
2018-04-26,0.00417308,0.00531159,0.0001,-0.0056,-0.0085,-0.0058,-0.0051
2018-04-27,0.01855527,0.01474376,0.0001,-0.0026,0.0004,0.0053,0.0011
2018-04-30,-0.00980744,-0.00298391,0.0001,-0.0007,-0.0009,-0.0040,-0.0003
2018-05-01,-0.00394457,-0.00829764,0.0001,0.0025,-0.0053,-0.0002,-0.0102
2018-05-02,-0.00740247,-0.00935889,0.0001,0.0125,-0.0035,0.0004,-0.0004
2018-05-03,-0.00620839,0.00012656,0.0001,-0.0061,-0.0015,0.0004,-0.0012
2018-05-04,-0.00666883,-0.00610602,0.0001,-0.0003,-0.0020,-0.0040,0.0007
2018-05-07,-0.00503225,-0.00023482,0.0001,0.0038,-0.0033,-0.0055,-0.0032
2018-05-08,-0.00541615,-0.00656235,0.0001,0.0050,0.0023,-0.0029,0.0008
2018-05-09,0.02371697,0.01151699,0.0001,-0.0026,0.0025,-0.0092,-0.0003
2018-05-10,0.01272155,0.00872066,0.0001,-0.0038,-0.0004,0.0024,-0.0031
2018-05-11,0.00449368,0.00731180,0.0001,0.0013,-0.0038,0.0026,0.0012
2018-05-14,0.00669366,0.00443959,0.0001,-0.0030,0.0011,-0.0021,0.0052
2018-05-15,-0.00243611,0.00162412,0.0001,0.0070,0.0040,-0.0007,0.0042
2018-05-16,-0.00425798,-0.00207000,0.0001,0.0069,-0.0025,0.0036,0.0010
2018-05-17,-0.00438811,-0.00366422,0.0001,0.0087,0.0029,-0.0037,0.0030
2018-05-18,0.00186376,0.00187006,0.0001,0.0046,-0.0062,0.0014,-0.0022
2018-05-21,-0.01373648,-0.00823032,0.0001,-0.0018,0.0044,0.0015,0.0011
2018-05-22,-0.00810975,-0.00213931,0.0001,-0.0065,0.0061,-0.0029,-0.0037
2018-05-23,-0.01634893,-0.00963436,0.0001,-0.0006,-0.0069,0.0000,-0.0033
2018-05-24,0.01994421,0.00967369,0.0001,0.0034,-0.0035,0.0050,0.0009
2018-05-25,-0.00952425,-0.00121285,0.0001,0.0024,-0.0039,0.0059,-0.0053
2018-05-29,0.00960026,0.00214085,0.0001,0.0111,-0.0102,0.0017,-0.0002
2018-05-30,-0.01008554,-0.00370973,0.0001,0.0003,0.0036,-0.0074,0.0019
2018-05-31,-0.00079330,0.00036601,0.0001,0.0005,-0.0043,-0.0050,-0.0017
2018-06-01,-0.00756383,-0.01023667,0.0001,-0.0021,-0.0010,-0.0007,-0.0020
2018-06-04,-0.00211838,0.00082280,0.0001,0.0017,-0.0045,0.0108,-0.0032
2018-06-05,0.00867330,0.00823162,0.0001,0.0078,-0.0044,0.0020,0.0008
2018-06-06,-0.00395653,-0.00423463,0.0001,-0.0027,0.0021,0.0001,0.0016
2018-06-07,-0.01056010,0.00191655,0.0001,-0.0025,0.0093,0.0017,0.0062
2018-06-08,0.00304169,0.00061240,0.0001,0.0004,-0.0040,0.0024,-0.0020
2018-06-11,0.00851114,0.00235734,0.0001,0.0015,-0.0016,0.0022,0.0023
2018-06-12,0.00143397,0.00143396,0.0001,0.0019,-0.0063,0.0010,-0.0017
2018-06-13,0.01689539,0.01310268,0.0001,0.0002,-0.0020,-0.0058,-0.0018
2018-06-14,-0.00449760,-0.00416001,0.0001,0.0020,-0.0101,-0.0002,-0.0061
2018-06-15,0.00143789,0.00264818,0.0001,0.0011,-0.0025,0.0069,-0.0016
2018-06-18,0.01043299,0.00059641,0.0001,0.0074,0.0008,-0.0044,0.0004
2018-06-19,-0.00562571,-0.00766433,0.0001,0.0052,-0.0014,-0.0024,-0.0037
2018-06-20,0.00046598,-0.00604449,0.0001,0.0065,-0.0051,-0.0017,0.0009
2018-06-21,0.00201740,-0.00029217,0.0001,-0.0056,0.0033,0.0050,0.0009
2018-06-22,0.01125488,0.00934312,0.0001,-0.0007,0.0046,-0.0052,0.0091
2018-06-25,-0.00965124,-0.00668215,0.0001,-0.0046,0.0057,0.0065,0.0017
2018-06-26,0.00388857,-0.00029858,0.0001,0.0051,-0.0024,-0.0051,0.0006
2018-06-27,0.00041766,0.01051049,0.0001,-0.0101,0.0036,-0.0007,0.0052
2018-06-28,0.00461809,0.00034690,0.0001,-0.0020,-0.0051,-0.0020,-0.0058
2018-06-29,0.00894988,0.00244500,0.0001,-0.0024,-0.0024,-0.0025,0.0001
2018-07-02,0.00294577,0.00680289,0.0001,0.0045,-0.0025,-0.0008,-0.0054
2018-07-03,-0.00729621,-0.00436741,0.0001,0.0076,-0.0002,-0.0028,0.0045
2018-07-05,-0.00314495,-0.00789934,0.0001,0.0039,-0.0043,0.0033,-0.0017
2018-07-06,-0.01267362,-0.01337114,0.0001,-0.0002,-0.0030,-0.0026,-0.0015
2018-07-09,0.01709144,0.01162893,0.0001,-0.0029,0.0086,0.0001,-0.0021
2018-07-10,-0.01000348,0.00176949,0.0001,-0.0083,-0.0016,0.0011,0.0029
2018-07-11,0.01332899,0.01527602,0.0001,-0.0006,-0.0046,-0.0012,-0.0033
2018-07-12,-0.01628337,-0.00961060,0.0001,-0.0044,-0.0116,-0.0004,-0.0048
2018-07-13,0.03017127,0.01817098,0.0001,-0.0018,-0.0029,0.0033,0.0018
2018-07-16,-0.00803065,-0.00014906,0.0001,-0.0061,0.0097,-0.0021,-0.0014
2018-07-17,0.01832629,0.00741236,0.0001,0.0017,-0.0074,0.0012,-0.0023
2018-07-18,0.01646722,0.00741840,0.0001,-0.0015,0.0068,-0.0017,-0.0015
2018-07-19,-0.01103727,-0.00744253,0.0001,0.0092,-0.0036,0.0022,0.0004
2018-07-20,-0.01600902,-0.01387347,0.0001,-0.0017,0.0011,0.0009,-0.0022
2018-07-23,-0.00157939,0.00498131,0.0001,-0.0019,0.0054,-0.0021,-0.0020
2018-07-24,-0.02196447,-0.01438625,0.0001,-0.0133,0.0039,0.0049,0.0008
2018-07-25,-0.00719584,-0.00788677,0.0001,-0.0059,-0.0106,0.0007,-0.0033
2018-07-26,-0.00061387,-0.00173383,0.0001,0.0076,0.0058,-0.0004,0.0059
2018-07-27,-0.00395671,-0.00255682,0.0001,-0.0121,0.0106,0.0051,0.0050
2018-07-30,-0.00429180,0.00028625,0.0001,0.0002,0.0159,0.0031,0.0103
2018-07-31,-0.00589165,-0.00609106,0.0001,0.0072,-0.0110,0.0027,0.0024
2018-08-01,-0.00284891,-0.00124421,0.0001,-0.0001,-0.0022,-0.0016,-0.0079
2018-08-02,0.00034042,0.00098627,0.0001,0.0019,-0.0065,-0.0003,-0.0055
2018-08-03,-0.01117862,-0.00336392,0.0001,-0.0093,0.0051,0.0063,0.0038
2018-08-06,-0.00025306,-0.00086886,0.0001,0.0023,-0.0033,-0.0031,-0.0021
2018-08-07,0.00825161,0.01041573,0.0001,-0.0002,-0.0015,-0.0031,-0.0015
2018-08-08,0.01897412,0.01865215,0.0001,-0.0012,0.0026,-0.0003,-0.0007
2018-08-09,-0.00206070,-0.00512568,0.0001,0.0035,-0.0035,0.0002,-0.0023
2018-08-10,0.01206849,0.00808799,0.0001,0.0031,-0.0021,-0.0027,0.0024
2018-08-13,-0.01970235,-0.01427663,0.0001,-0.0021,-0.0029,0.0031,0.0003
2018-08-14,0.01924935,0.00631147,0.0001,0.0032,0.0022,0.0035,0.0020
2018-08-15,0.01446477,0.01353905,0.0001,-0.0052,-0.0014,0.0064,-0.0011
2018-08-16,-0.01800026,-0.01021611,0.0001,-0.0003,0.0026,-0.0008,0.0040
2018-08-17,0.00288684,0.00137041,0.0001,0.0013,0.0001,0.0022,0.0016
2018-08-20,0.00056972,-0.00177584,0.0001,0.0015,0.0014,0.0010,0.0014
2018-08-21,0.01625300,0.00988921,0.0001,0.0092,0.0014,-0.0025,-0.0027
2018-08-22,0.00076654,-0.00079163,0.0001,0.0029,-0.0035,-0.0051,-0.0028
2018-08-23,-0.00843147,-0.00178438,0.0001,-0.0010,-0.0033,-0.0001,-0.0018
2018-08-24,-0.01208369,-0.00617440,0.0001,-0.0008,-0.0058,-0.0031,-0.0019
2018-08-27,-0.00107886,0.00102672,0.0001,-0.0061,-0.0015,-0.0020,-0.0038
2018-08-28,-0.00449623,0.00193970,0.0001,-0.0012,-0.0023,0.0011,-0.0005
2018-08-29,-0.00219220,-0.00026178,0.0001,-0.0014,-0.0057,-0.0015,-0.0028
2018-08-30,0.01155896,0.00382374,0.0001,0.0023,-0.0042,-0.0022,-0.0012
2018-08-31,-0.01190975,-0.01098965,0.0001,0.0046,-0.0038,0.0017,-0.0014
2018-09-04,-0.00577922,-0.00728502,0.0001,-0.0033,0.0001,-0.0005,-0.0014
2018-09-05,0.00753482,0.01054462,0.0001,-0.0004,0.0067,0.0047,0.0060
2018-09-06,-0.00718808,-0.00970439,0.0001,-0.0036,-0.0025,0.0043,0.0034
2018-09-07,0.01319413,0.00738808,0.0001,0.0008,-0.0022,0.0003,0.0003
2018-09-10,-0.00381074,-0.00669026,0.0001,0.0008,-0.0036,0.0007,-0.0021
2018-09-11,0.00453318,0.00570193,0.0001,-0.0034,-0.0024,-0.0013,-0.0042
2018-09-12,-0.02062496,-0.00796439,0.0001,-0.0012,-0.0023,0.0005,0.0055
2018-09-13,-0.01780447,-0.01081705,0.0001,-0.0049,-0.0039,0.0005,-0.0005
2018-09-14,0.00812482,0.00837095,0.0001,0.0031,0.0025,-0.0013,-0.0004
2018-09-17,-0.00788023,-0.00201012,0.0001,-0.0035,0.0085,0.0032,0.0075
2018-09-18,0.01635230,0.00859885,0.0001,0.0003,-0.0048,-0.0022,-0.0023
2018-09-19,-0.00512685,-0.00181891,0.0001,-0.0051,0.0128,-0.0045,-0.0003
2018-09-20,-0.00047134,-0.00315061,0.0001,0.0029,-0.0023,0.0005,-0.0008
2018-09-21,-0.00055967,-0.00182238,0.0001,-0.0043,0.0031,0.0022,0.0066
2018-09-24,0.00266587,0.00726419,0.0001,-0.0004,-0.0089,-0.0047,-0.0028
2018-09-25,0.00761789,0.00721943,0.0001,0.0020,-0.0038,-0.0034,-0.0006
2018-09-26,0.00238776,-0.00181935,0.0001,-0.0047,-0.0062,0.0051,0.0012
2018-09-27,-0.00780131,-0.00615351,0.0001,-0.0034,-0.0054,0.0010,-0.0032
2018-09-28,-0.00242811,0.00335695,0.0001,0.0034,-0.0019,0.0012,0.0018
2018-10-01,-0.01053888,-0.00592810,0.0001,-0.0163,0.0036,-0.0011,0.0003
2018-10-02,0.00384342,0.00696641,0.0001,-0.0094,0.0057,0.0012,0.0035
2018-10-03,0.00880889,0.00358296,0.0001,0.0089,0.0050,-0.0038,-0.0022
2018-10-04,-0.00437473,0.00058553,0.0001,-0.0080,0.0158,0.0013,0.0078
2018-10-05,-0.01526706,-0.01054692,0.0001,-0.0040,0.0037,-0.0038,0.0043
2018-10-08,-0.00424746,-0.00155133,0.0001,-0.0024,0.0124,0.0051,0.0065
2018-10-09,-0.00472943,-0.00296532,0.0001,-0.0041,0.0028,-0.0050,0.0021
2018-10-10,0.01480764,0.01704805,0.0001,0.0041,0.0109,0.0022,0.0082
2018-10-11,0.01199177,0.00227454,0.0001,0.0038,-0.0092,0.0042,-0.0057
2018-10-12,-0.01728472,-0.00896476,0.0001,-0.0111,-0.0175,0.0007,-0.0044
2018-10-15,-0.00600663,-0.00506975,0.0001,0.0099,0.0052,0.0037,0.0051
2018-10-16,-0.00434004,-0.00223071,0.0001,0.0057,-0.0145,-0.0023,-0.0068
2018-10-17,-0.00631090,-0.00642029,0.0001,-0.0061,0.0023,-0.0024,0.0016
2018-10-18,0.00579853,0.00572983,0.0001,-0.0053,0.0042,-0.0036,0.0037
2018-10-19,-0.01490283,-0.00779136,0.0001,-0.0127,0.0070,0.0044,0.0059
2018-10-22,0.00301405,-0.00515336,0.0001,0.0035,-0.0126,0.0111,-0.0015
2018-10-23,-0.02304024,-0.02071657,0.0001,-0.0017,-0.0042,0.0017,-0.0008
2018-10-24,-0.01064572,-0.00929623,0.0001,-0.0083,0.0076,0.0036,0.0128
2018-10-25,-0.00664833,-0.00698013,0.0001,0.0031,-0.0060,-0.0017,-0.0109
2018-10-26,0.00900998,0.00160452,0.0001,0.0059,0.0035,-0.0034,0.0050
2018-10-29,0.00996029,0.01410820,0.0001,-0.0010,0.0161,0.0000,0.0100
2018-10-30,-0.01271067,-0.00664387,0.0001,0.0045,0.0009,0.0036,0.0033
2018-10-31,0.00241955,0.00399133,0.0001,-0.0070,-0.0074,-0.0041,-0.0099
2018-11-01,0.00432211,0.00222013,0.0001,0.0121,-0.0112,-0.0026,-0.0052
2018-11-02,0.01784417,0.01316809,0.0001,0.0085,0.0067,-0.0047,0.0020
2018-11-05,0.01989992,0.01502899,0.0001,-0.0089,0.0157,-0.0050,0.0079
2018-11-06,-0.00020590,0.00688095,0.0001,-0.0015,0.0002,0.0028,0.0021
2018-11-07,0.01426066,0.00617712,0.0001,-0.0051,-0.0105,-0.0039,-0.0080
2018-11-08,0.01386357,0.01475843,0.0001,-0.0017,0.0025,0.0042,0.0033
2018-11-09,-0.00294904,0.00036801,0.0001,-0.0084,0.0041,0.0064,0.0069
2018-11-12,0.00671768,0.00180351,0.0001,0.0010,0.0084,0.0053,0.0093
2018-11-13,0.00672789,-0.00044574,0.0001,-0.0005,0.0016,0.0021,-0.0030
2018-11-14,0.00328690,0.00355972,0.0001,0.0004,-0.0027,0.0060,0.0013
2018-11-15,-0.00004517,-0.00073428,0.0001,0.0031,-0.0039,-0.0085,-0.0072
2018-11-16,0.00837561,0.00661724,0.0001,-0.0002,-0.0006,-0.0077,0.0019
2018-11-19,0.01111020,0.01523473,0.0001,-0.0039,0.0232,0.0021,0.0124
2018-11-20,0.01152835,0.01272042,0.0001,0.0004,-0.0054,-0.0032,-0.0027
2018-11-21,0.01135701,0.01064317,0.0001,0.0095,-0.0033,-0.0034,0.0000
2018-11-23,-0.00659515,-0.01009273,0.0001,0.0076,-0.0061,0.0030,-0.0004
2018-11-26,-0.00343757,-0.00463981,0.0001,-0.0069,-0.0020,-0.0041,-0.0076
2018-11-27,-0.00917804,-0.00893290,0.0001,-0.0105,0.0025,0.0060,0.0012
2018-11-28,-0.01065209,0.00086195,0.0001,0.0030,-0.0116,0.0007,-0.0096
2018-11-29,-0.00955938,-0.00394728,0.0001,-0.0020,-0.0009,-0.0048,0.0002
2018-11-30,0.02103398,0.01610324,0.0001,-0.0037,-0.0044,0.0024,-0.0022
2018-12-03,0.01236996,0.00879374,0.0001,-0.0011,-0.0078,-0.0028,-0.0059
2018-12-04,-0.00179249,0.00933184,0.0001,-0.0103,-0.0022,-0.0011,0.0097
2018-12-06,-0.01963682,-0.01409821,0.0001,-0.0006,-0.0106,0.0014,-0.0031
2018-12-07,-0.01284482,-0.00675037,0.0001,0.0027,0.0133,-0.0049,0.0063
2018-12-10,0.01018323,0.00224714,0.0001,-0.0036,-0.0164,0.0028,-0.0029
2018-12-11,-0.00581980,-0.00823369,0.0001,-0.0015,-0.0042,0.0017,-0.0006
2018-12-12,0.00044056,-0.00671057,0.0001,0.0051,-0.0017,-0.0023,-0.0010
2018-12-13,0.00330358,0.00316622,0.0001,-0.0155,-0.0020,0.0021,0.0008
2018-12-14,0.01069839,0.01247455,0.0001,0.0009,0.0049,-0.0021,0.0062
2018-12-17,0.00170332,0.00114364,0.0001,-0.0011,0.0108,0.0027,0.0020
2018-12-18,-0.00838932,-0.00695849,0.0001,-0.0003,-0.0060,0.0093,-0.0046
2018-12-19,0.00818311,0.00787916,0.0001,-0.0059,0.0002,-0.0038,0.0042
2018-12-20,-0.00016856,0.00511580,0.0001,-0.0011,0.0097,0.0062,-0.0006
2018-12-21,0.01000278,0.00376942,0.0001,-0.0054,0.0077,0.0014,0.0065
2018-12-24,-0.01253293,-0.01221554,0.0001,0.0093,-0.0051,-0.0035,-0.0035
2018-12-26,0.00378706,-0.00501819,0.0001,-0.0019,-0.0100,-0.0021,-0.0112
2018-12-27,0.00327881,-0.00200345,0.0001,-0.0071,-0.0013,-0.0013,0.0010
2018-12-28,-0.00475897,-0.00708938,0.0001,0.0075,0.0025,-0.0037,-0.0006
2018-12-31,-0.01562552,-0.00992055,0.0001,-0.0014,-0.0045,-0.0009,-0.0013
2019-01-02,0.01281903,0.01526175,0.0001,0.0073,0.0114,-0.0016,0.0025
2019-01-03,0.01689944,0.00755424,0.0001,0.0048,0.0118,-0.0022,0.0091
2019-01-04,0.00856099,0.00555412,0.0001,0.0035,-0.0069,-0.0011,-0.0062
2019-01-07,0.00084376,-0.00045832,0.0001,0.0087,-0.0075,-0.0074,-0.0045
2019-01-08,0.01490150,0.00644211,0.0001,0.0044,-0.0063,0.0034,-0.0012
2019-01-09,0.00044676,0.00423717,0.0001,0.0050,0.0011,0.0009,-0.0020
2019-01-10,-0.02210467,-0.01148763,0.0001,-0.0001,-0.0045,-0.0006,-0.0007
2019-01-11,0.02881421,0.01533101,0.0001,0.0020,0.0022,0.0023,0.0022
2019-01-14,-0.01108074,-0.00999927,0.0001,-0.0046,0.0095,0.0024,0.0000
2019-01-15,-0.01243859,-0.00879420,0.0001,-0.0014,-0.0090,-0.0030,-0.0059
2019-01-16,-0.01026428,-0.00541745,0.0001,0.0026,0.0092,-0.0011,-0.0028
2019-01-17,-0.01541602,-0.00286709,0.0001,0.0009,-0.0024,0.0006,-0.0002
2019-01-18,0.01493892,0.00805794,0.0001,-0.0029,0.0012,0.0019,-0.0024
2019-01-22,-0.01367432,-0.01371215,0.0001,-0.0035,0.0030,0.0026,0.0036
2019-01-23,-0.00147553,-0.00406287,0.0001,-0.0041,-0.0015,0.0035,0.0027
2019-01-24,0.00196564,-0.00484301,0.0001,0.0048,0.0000,-0.0015,-0.0023
2019-01-25,0.00834110,0.00476293,0.0001,0.0041,-0.0034,-0.0036,-0.0057
2019-01-28,0.02992207,0.01795009,0.0001,-0.0007,0.0063,0.0029,0.0017
2019-01-29,0.00138829,0.00221431,0.0001,0.0003,0.0019,0.0003,0.0049
2019-01-30,-0.00718119,-0.00372686,0.0001,-0.0035,-0.0094,-0.0023,-0.0090
2019-01-31,0.00860982,0.00509257,0.0001,-0.0007,-0.0111,-0.0035,-0.0002
2019-02-01,0.00055702,0.00688624,0.0001,-0.0015,0.0043,-0.0078,0.0029
2019-02-04,0.00161979,-0.00347511,0.0001,0.0041,-0.0047,0.0019,-0.0021
2019-02-05,-0.00338817,-0.00109487,0.0001,-0.0012,-0.0061,0.0061,-0.0033
2019-02-06,0.02008398,0.00949215,0.0001,-0.0003,0.0006,-0.0011,0.0006
2019-02-07,0.00041910,0.00151976,0.0001,-0.0013,0.0038,0.0055,0.0032
2019-02-08,-0.00607303,-0.00566975,0.0001,-0.0007,-0.0068,-0.0034,-0.0011
2019-02-11,-0.01043458,-0.00378748,0.0001,0.0067,0.0023,-0.0009,-0.0002
2019-02-12,0.00323893,0.00305588,0.0001,0.0004,-0.0016,-0.0012,-0.0029
2019-02-13,-0.00647496,-0.00240348,0.0001,0.0005,0.0007,0.0010,0.0021
2019-02-14,-0.00268572,0.00081555,0.0001,0.0052,-0.0059,0.0042,-0.0019
2019-02-15,-0.00832847,-0.00560187,0.0001,0.0037,0.0048,-0.0022,0.0000
2019-02-19,0.00064116,0.00085416,0.0001,0.0032,0.0031,0.0003,0.0021
2019-02-20,0.00923809,0.00697699,0.0001,0.0029,0.0056,0.0001,-0.0029
2019-02-21,-0.00789818,-0.01287445,0.0001,-0.0003,-0.0023,0.0058,0.0013
2019-02-22,0.02366443,0.00918294,0.0001,0.0039,-0.0147,0.0031,-0.0061
2019-02-25,-0.01129428,-0.01017461,0.0001,-0.0027,-0.0018,-0.0076,-0.0055
2019-02-26,0.00092422,0.00170857,0.0001,-0.0068,-0.0033,0.0010,-0.0016
2019-02-27,0.00987594,0.00709324,0.0001,0.0015,-0.0012,-0.0066,-0.0013
2019-02-28,0.00511975,0.00349392,0.0001,-0.0001,-0.0027,0.0029,0.0017
2019-03-01,0.00489051,0.00304323,0.0001,0.0025,-0.0041,-0.0036,-0.0019
2019-03-04,-0.00172312,0.00069818,0.0001,-0.0040,0.0038,0.0013,-0.0007
2019-03-05,0.00998863,0.01359862,0.0001,-0.0032,-0.0022,0.0029,-0.0001
2019-03-06,-0.00555964,-0.00552879,0.0001,-0.0123,0.0005,0.0057,0.0012
2019-03-07,0.01464969,0.00888164,0.0001,-0.0005,-0.0034,-0.0037,0.0012
2019-03-08,-0.00614565,-0.00752610,0.0001,0.0007,-0.0017,-0.0011,-0.0026
2019-03-11,0.01378242,0.01074282,0.0001,0.0027,-0.0053,-0.0028,-0.0046
2019-03-12,-0.01649974,-0.00875745,0.0001,-0.0031,-0.0007,-0.0043,0.0002
2019-03-13,0.00621538,0.00184161,0.0001,-0.0032,0.0008,-0.0017,0.0017
2019-03-14,-0.00121003,-0.00820223,0.0001,-0.0038,0.0030,-0.0015,-0.0011
2019-03-15,0.00888724,0.00074583,0.0001,-0.0024,-0.0025,-0.0005,-0.0019
2019-03-18,0.02406608,0.01241923,0.0001,0.0022,0.0044,-0.0009,-0.0008
2019-03-19,0.01027985,0.01339041,0.0001,-0.0047,-0.0092,0.0002,-0.0008
2019-03-20,0.00606628,-0.00062107,0.0001,-0.0023,-0.0106,-0.0015,-0.0026
2019-03-21,-0.01705402,-0.01444375,0.0001,0.0017,-0.0123,0.0031,-0.0034
2019-03-22,-0.02041871,-0.01604642,0.0001,-0.0156,-0.0008,0.0057,0.0061
2019-03-25,0.02535254,0.02074534,0.0001,0.0061,-0.0026,0.0021,0.0004
2019-03-26,-0.00785661,0.00314394,0.0001,0.0023,0.0046,0.0005,0.0017
2019-03-27,-0.00745365,-0.00341570,0.0001,0.0016,0.0051,0.0075,0.0011
2019-03-28,-0.01872430,-0.01242422,0.0001,0.0034,0.0002,-0.0013,-0.0005
2019-03-29,-0.00696176,-0.00885863,0.0001,-0.0028,-0.0092,0.0022,-0.0017
2019-04-01,0.00305124,0.00127386,0.0001,-0.0019,0.0099,-0.0009,-0.0030
2019-04-02,-0.00148085,-0.00114966,0.0001,-0.0018,-0.0044,-0.0039,-0.0049
2019-04-03,-0.00505871,-0.00128513,0.0001,0.0022,-0.0039,0.0013,-0.0039
2019-04-04,0.01585834,0.01120897,0.0001,0.0035,0.0094,0.0063,0.0026
2019-04-05,-0.00102909,-0.00357349,0.0001,0.0049,-0.0007,-0.0029,0.0011
2019-04-08,0.01220254,0.01041427,0.0001,-0.0031,0.0010,0.0027,-0.0003
2019-04-09,0.00232543,-0.00277544,0.0001,-0.0060,-0.0015,0.0014,-0.0004
2019-04-10,0.01315634,0.01173702,0.0001,0.0095,-0.0011,0.0008,-0.0013
2019-04-11,0.01344875,0.00810372,0.0001,-0.0027,0.0040,0.0005,0.0012
2019-04-12,0.00060997,0.00175662,0.0001,-0.0036,0.0066,0.0052,-0.0025
2019-04-15,-0.00212098,0.00150571,0.0001,-0.0026,-0.0055,0.0036,0.0007
2019-04-16,-0.00162702,-0.00384201,0.0001,0.0023,0.0071,-0.0012,-0.0014
2019-04-17,0.01346677,0.01510142,0.0001,-0.0053,0.0084,0.0110,-0.0028
2019-04-18,0.00189468,-0.00614182,0.0001,-0.0028,-0.0050,0.0016,-0.0020
2019-04-22,0.00294981,0.00142402,0.0001,-0.0049,-0.0057,-0.0052,-0.0019
2019-04-23,0.00752949,0.00344027,0.0001,0.0066,-0.0049,-0.0012,-0.0042
2019-04-24,0.00102495,-0.01251050,0.0001,0.0032,-0.0008,0.0064,0.0007
2019-04-25,0.00535671,-0.00279965,0.0001,-0.0079,-0.0021,-0.0063,-0.0027
2019-04-26,-0.00513901,-0.00247683,0.0001,0.0047,0.0006,-0.0008,-0.0018
2019-04-29,0.00476820,0.00564912,0.0001,0.0015,0.0065,-0.0039,-0.0016
2019-04-30,-0.02335418,-0.01168184,0.0001,-0.0068,0.0027,0.0011,0.0069
2019-05-01,-0.00237731,-0.00464996,0.0001,-0.0007,-0.0002,0.0036,-0.0005
2019-05-02,-0.00282881,-0.00056256,0.0001,0.0046,-0.0028,0.0003,0.0006
2019-05-03,0.00425579,0.00355983,0.0001,0.0093,-0.0027,-0.0001,-0.0037
2019-05-06,-0.00772435,-0.01123475,0.0001,0.0058,-0.0042,0.0002,0.0006
2019-05-07,-0.01114525,-0.00403007,0.0001,-0.0027,0.0049,0.0003,0.0030
2019-05-08,-0.00250517,-0.00040601,0.0001,-0.0021,-0.0031,-0.0001,0.0017
2019-05-09,0.01950797,0.01223856,0.0001,0.0006,0.0009,-0.0036,0.0001
2019-05-10,0.00033502,0.00479540,0.0001,-0.0033,0.0006,-0.0011,0.0026
2019-05-13,-0.00307398,-0.00082874,0.0001,-0.0068,0.0028,0.0024,0.0084
2019-05-14,-0.00993731,-0.00438887,0.0001,0.0034,-0.0002,-0.0056,-0.0002
2019-05-15,0.00798432,0.00855385,0.0001,-0.0009,-0.0096,0.0012,-0.0030
2019-05-16,-0.01086174,-0.00242638,0.0001,-0.0045,-0.0033,-0.0014,-0.0023
2019-05-17,-0.00562799,0.00284380,0.0001,-0.0076,0.0028,0.0006,0.0033
2019-05-20,-0.01173848,-0.00824862,0.0001,-0.0011,0.0073,0.0006,0.0045
2019-05-21,-0.01254495,-0.01036974,0.0001,0.0043,-0.0034,-0.0015,-0.0018
2019-05-22,-0.01133460,-0.00921311,0.0001,-0.0064,-0.0062,-0.0012,0.0020
2019-05-23,-0.01365569,-0.00956019,0.0001,-0.0072,-0.0027,0.0033,0.0026
2019-05-24,0.01211018,0.00495142,0.0001,0.0051,0.0030,-0.0050,-0.0004
2019-05-28,0.00783390,0.00250997,0.0001,0.0021,-0.0063,0.0000,-0.0029
2019-05-29,-0.00223665,0.00029254,0.0001,-0.0024,0.0041,-0.0018,0.0001
2019-05-30,0.01669044,0.00834964,0.0001,-0.0037,-0.0077,0.0029,-0.0004
2019-05-31,-0.00495782,-0.00533393,0.0001,-0.0023,-0.0011,0.0005,0.0039
2019-06-03,0.00465681,0.00410615,0.0001,0.0039,0.0168,-0.0017,0.0132
2019-06-04,0.00311378,0.00018299,0.0001,0.0050,-0.0003,0.0028,-0.0047
2019-06-05,-0.01603129,-0.00952286,0.0001,-0.0106,-0.0097,0.0007,-0.0022
2019-06-06,-0.00092678,0.00279489,0.0001,-0.0108,0.0002,0.0007,-0.0008
2019-06-07,0.01106762,0.00593913,0.0001,-0.0014,-0.0119,0.0036,-0.0067
2019-06-10,-0.00567689,-0.00105116,0.0001,0.0001,0.0007,0.0038,-0.0036
2019-06-11,0.01456591,0.01286311,0.0001,-0.0021,0.0057,0.0047,0.0020
2019-06-12,-0.00750625,-0.00488430,0.0001,0.0030,-0.0100,0.0008,0.0009
2019-06-13,-0.00026647,0.00039347,0.0001,0.0068,-0.0004,-0.0013,-0.0006
2019-06-14,-0.02285679,-0.00993770,0.0001,-0.0073,0.0030,0.0025,0.0014
2019-06-17,0.00882697,0.00845860,0.0001,0.0048,-0.0113,-0.0067,-0.0043
2019-06-18,-0.00313874,0.00123619,0.0001,0.0020,0.0035,-0.0024,-0.0019
2019-06-19,0.01375277,0.00687564,0.0001,0.0002,-0.0060,-0.0019,0.0016
2019-06-20,0.00318247,-0.00187052,0.0001,-0.0040,-0.0022,-0.0012,-0.0012
2019-06-21,0.01083482,0.00834056,0.0001,-0.0046,-0.0003,-0.0009,0.0002
2019-06-24,0.00536992,0.00116344,0.0001,-0.0090,0.0008,0.0063,-0.0002
2019-06-25,-0.01408186,-0.01360981,0.0001,0.0042,0.0072,-0.0010,0.0061
2019-06-26,0.00991942,0.00931445,0.0001,0.0002,0.0027,0.0035,-0.0040
2019-06-27,0.00049401,0.00054712,0.0001,0.0143,-0.0010,-0.0035,-0.0022
2019-06-28,0.01289639,0.00997052,0.0001,0.0076,0.0062,-0.0047,0.0013
2019-07-01,0.00735310,0.00040386,0.0001,-0.0058,-0.0013,-0.0014,0.0003
2019-07-02,0.00187451,0.00562299,0.0001,-0.0097,-0.0081,-0.0001,0.0000
2019-07-03,-0.00635978,-0.00345451,0.0001,-0.0014,-0.0032,-0.0035,-0.0005
2019-07-05,-0.00357143,-0.00616705,0.0001,0.0033,0.0091,0.0013,-0.0005
2019-07-08,-0.00310163,0.00086005,0.0001,-0.0043,0.0006,0.0004,-0.0022
2019-07-09,-0.00392742,-0.00645263,0.0001,-0.0024,-0.0043,-0.0064,-0.0025
2019-07-10,0.00424658,0.00751715,0.0001,-0.0026,-0.0036,0.0012,-0.0004
2019-07-11,-0.02487047,-0.01579479,0.0001,-0.0077,0.0004,-0.0024,-0.0054
2019-07-12,0.00290166,0.00354795,0.0001,0.0032,0.0041,0.0059,-0.0007
2019-07-15,0.02289673,0.00989986,0.0001,-0.0048,-0.0106,0.0013,0.0023
2019-07-16,0.00120223,-0.00016272,0.0001,0.0040,0.0011,0.0044,-0.0004
2019-07-17,0.00363525,0.00051224,0.0001,-0.0026,-0.0065,-0.0048,-0.0023
2019-07-18,0.00282031,0.00315940,0.0001,-0.0026,0.0001,-0.0035,0.0038
2019-07-19,-0.00210124,0.00636131,0.0001,0.0030,0.0086,0.0037,0.0014
2019-07-22,-0.00237980,0.00038297,0.0001,-0.0056,-0.0048,-0.0019,0.0003
2019-07-23,0.00973977,0.00791315,0.0001,-0.0006,0.0080,0.0066,0.0037
2019-07-24,0.00912450,0.00017039,0.0001,0.0092,0.0086,-0.0007,-0.0008
2019-07-25,-0.00803214,-0.00519853,0.0001,-0.0068,-0.0011,0.0015,0.0013
2019-07-26,0.00238515,-0.00378365,0.0001,0.0032,-0.0019,-0.0063,-0.0033
2019-07-29,0.00171849,0.00008926,0.0001,-0.0034,-0.0046,0.0032,0.0041
2019-07-30,-0.00437909,-0.00326040,0.0001,0.0143,0.0088,-0.0017,0.0007
2019-07-31,-0.01347652,-0.00329065,0.0001,0.0025,0.0062,0.0018,0.0050
2019-08-01,-0.01049163,-0.01061090,0.0001,-0.0076,-0.0190,-0.0054,-0.0023
2019-08-02,-0.00502359,-0.00521117,0.0001,-0.0025,0.0007,0.0015,0.0023
2019-08-05,0.00935671,-0.00046673,0.0001,0.0006,0.0001,-0.0005,0.0031
2019-08-06,-0.00270375,0.00230791,0.0001,-0.0054,-0.0059,-0.0027,-0.0020
2019-08-07,0.01587612,0.00766530,0.0001,-0.0011,-0.0090,0.0019,-0.0017
2019-08-08,-0.00081320,0.00317794,0.0001,-0.0004,-0.0025,0.0028,-0.0031
2019-08-09,-0.00523457,-0.00730009,0.0001,-0.0050,-0.0022,-0.0048,-0.0001
2019-08-12,0.00345807,0.00687693,0.0001,0.0021,-0.0026,0.0013,0.0026
2019-08-13,-0.01467275,-0.00807042,0.0001,-0.0035,-0.0053,0.0034,0.0000
2019-08-14,0.00446642,0.00414782,0.0001,0.0003,-0.0051,-0.0036,0.0002
2019-08-15,0.00692881,0.00746553,0.0001,-0.0070,-0.0052,-0.0007,-0.0048
2019-08-16,0.01672418,-0.00073225,0.0001,0.0064,0.0060,0.0013,-0.0006
2019-08-19,-0.00750619,-0.00941387,0.0001,0.0004,0.0021,0.0035,0.0003
2019-08-20,0.01278480,0.00562217,0.0001,0.0018,-0.0049,0.0012,-0.0021
2019-08-21,-0.00663393,-0.00275570,0.0001,-0.0003,-0.0030,-0.0003,-0.0001
2019-08-22,0.00770984,0.00148054,0.0001,-0.0035,0.0049,0.0021,0.0029
2019-08-23,0.01075164,0.01246646,0.0001,-0.0061,-0.0018,-0.0061,-0.0026
2019-08-26,0.01259289,0.00843067,0.0001,-0.0004,-0.0018,0.0019,-0.0011
2019-08-27,0.00517032,0.00734882,0.0001,-0.0100,-0.0066,0.0027,0.0009
2019-08-28,0.01201858,0.00462390,0.0001,0.0063,0.0061,0.0035,0.0018
2019-08-29,0.01114093,0.00966322,0.0001,0.0041,0.0033,0.0015,-0.0012
2019-08-30,0.00535290,0.00793186,0.0001,-0.0024,0.0023,0.0010,0.0010
2019-09-03,-0.00108885,-0.00066535,0.0001,-0.0094,0.0012,-0.0019,0.0046
2019-09-04,-0.02792807,-0.01581896,0.0001,-0.0014,0.0043,0.0025,-0.0006
2019-09-05,-0.00889610,-0.01090874,0.0001,0.0054,0.0070,0.0040,0.0000
2019-09-06,0.00023419,0.00096100,0.0001,-0.0036,0.0005,0.0015,0.0042
2019-09-09,0.01312408,0.01060246,0.0001,0.0138,0.0305,0.0086,0.0038
2019-09-10,0.00331857,0.00687871,0.0001,0.0143,0.0111,-0.0003,0.0052
2019-09-11,0.00065655,-0.00133747,0.0001,0.0137,-0.0004,-0.0023,0.0029
2019-09-12,-0.00576244,-0.00237161,0.0001,-0.0039,-0.0012,-0.0022,-0.0012
2019-09-13,-0.02059289,-0.01510512,0.0001,0.0019,0.0074,-0.0003,-0.0008
2019-09-16,0.01519429,0.01134519,0.0001,0.0089,0.0053,-0.0033,-0.0003
2019-09-17,-0.00505344,-0.00841087,0.0001,-0.0080,-0.0119,-0.0018,-0.0033
2019-09-18,-0.02850671,-0.01840493,0.0001,-0.0077,0.0006,-0.0013,0.0009
2019-09-19,0.00730473,0.00477822,0.0001,-0.0049,-0.0046,0.0005,-0.0011
2019-09-20,-0.01160361,-0.01009285,0.0001,0.0029,0.0015,-0.0059,0.0002
2019-09-23,-0.02639891,-0.02345399,0.0001,-0.0012,0.0050,0.0027,0.0034
2019-09-24,-0.00385751,0.00184218,0.0001,-0.0074,0.0001,0.0018,0.0053
2019-09-25,0.00684421,0.00239278,0.0001,0.0041,0.0052,0.0041,0.0003
2019-09-26,-0.02025175,-0.00696678,0.0001,-0.0098,0.0013,0.0036,0.0037
2019-09-27,0.00558542,0.00544882,0.0001,-0.0016,0.0088,0.0024,0.0059
2019-09-30,-0.00023859,0.00377391,0.0001,-0.0027,-0.0048,0.0061,0.0001
2019-10-01,-0.00550324,-0.00365890,0.0001,-0.0066,-0.0059,0.0010,-0.0017
2019-10-02,-0.00116043,-0.00542663,0.0001,0.0077,-0.0036,-0.0046,-0.0026
2019-10-03,0.00508854,0.00258637,0.0001,-0.0039,-0.0089,-0.0019,-0.0023
2019-10-04,-0.00963235,0.00838321,0.0001,-0.0051,-0.0007,-0.0003,0.0004
2019-10-07,-0.00201253,0.00149280,0.0001,0.0013,-0.0003,-0.0006,-0.0032
2019-10-08,-0.00810841,-0.00406000,0.0001,-0.0015,-0.0013,0.0044,0.0006
2019-10-09,0.00419848,0.00298455,0.0001,-0.0058,-0.0009,0.0012,-0.0012
2019-10-10,0.00709922,0.00850025,0.0001,-0.0025,0.0025,0.0012,-0.0008
2019-10-11,-0.00738201,-0.00466182,0.0001,0.0060,0.0018,0.0047,0.0022
2019-10-14,-0.01621940,-0.01056518,0.0001,-0.0035,-0.0003,-0.0017,-0.0009
2019-10-15,0.00798284,0.00806439,0.0001,0.0025,-0.0025,-0.0023,-0.0073
2019-10-16,0.01094713,0.00850246,0.0001,0.0048,0.0022,0.0038,0.0026
2019-10-17,0.00093132,0.00026176,0.0001,0.0079,-0.0029,0.0011,-0.0010
2019-10-18,0.01226970,-0.00281279,0.0001,-0.0013,0.0087,-0.0008,0.0039
2019-10-21,-0.00466747,-0.00446558,0.0001,0.0030,0.0034,0.0000,0.0001
2019-10-22,0.00732650,0.00050396,0.0001,0.0051,0.0084,0.0042,0.0034
2019-10-23,-0.01436643,-0.01609309,0.0001,-0.0010,0.0027,-0.0001,0.0009
2019-10-24,0.00166980,0.00292594,0.0001,-0.0050,-0.0089,-0.0005,-0.0061
2019-10-25,-0.01016743,-0.00807425,0.0001,0.0040,0.0007,0.0034,0.0000
2019-10-28,-0.00294238,-0.00699265,0.0001,0.0028,-0.0025,0.0001,0.0001
2019-10-29,0.01811711,0.01896854,0.0001,0.0039,0.0050,-0.0006,0.0010
2019-10-30,-0.01354043,-0.01618724,0.0001,-0.0064,-0.0115,-0.0048,0.0005
2019-10-31,-0.00233347,0.00371263,0.0001,-0.0034,-0.0043,-0.0027,0.0012
2019-11-01,0.01824779,0.01312487,0.0001,0.0065,0.0082,-0.0018,0.0007
2019-11-04,-0.00297618,-0.00462742,0.0001,0.0032,0.0135,0.0060,0.0011
2019-11-05,0.01643662,0.01134231,0.0001,0.0038,0.0046,-0.0002,0.0001
2019-11-06,-0.02830106,-0.01450082,0.0001,-0.0080,0.0024,-0.0017,0.0032
2019-11-07,-0.00091038,-0.00315049,0.0001,-0.0001,0.0050,0.0009,-0.0020
2019-11-08,-0.00374529,-0.00563661,0.0001,-0.0001,-0.0037,-0.0013,0.0006
2019-11-11,0.00330227,0.00789448,0.0001,-0.0007,-0.0019,-0.0007,-0.0004
2019-11-12,0.00700067,0.00531998,0.0001,-0.0018,-0.0014,-0.0017,-0.0020
2019-11-13,0.00357587,0.00146165,0.0001,-0.0041,-0.0082,-0.0028,-0.0003
2019-11-14,-0.00614226,-0.00123744,0.0001,-0.0015,-0.0025,0.0013,-0.0033
2019-11-15,-0.02125541,-0.01233969,0.0001,-0.0029,-0.0033,-0.0002,0.0005
2019-11-18,-0.00237619,0.00086475,0.0001,-0.0038,-0.0051,-0.0004,-0.0022
2019-11-19,0.00069188,0.00183581,0.0001,0.0034,-0.0094,-0.0087,-0.0018
2019-11-20,-0.00004190,-0.00193353,0.0001,-0.0013,-0.0044,-0.0056,-0.0032
2019-11-21,0.00803865,0.00426294,0.0001,-0.0030,0.0010,0.0008,-0.0014
2019-11-22,0.00059510,-0.00187423,0.0001,0.0016,0.0021,0.0017,0.0004
2019-11-25,-0.01369261,-0.00811998,0.0001,0.0127,-0.0038,0.0010,0.0004
2019-11-26,-0.00219601,0.00005931,0.0001,-0.0009,-0.0089,0.0020,-0.0016
2019-11-27,0.00302619,0.00066090,0.0001,0.0022,-0.0002,0.0003,0.0000
2019-11-29,0.00126064,-0.00339842,0.0001,-0.0011,-0.0031,-0.0047,0.0001
2019-12-02,-0.00194957,-0.00287173,0.0001,-0.0013,0.0048,0.0010,0.0018
2019-12-03,0.00960181,0.00366815,0.0001,0.0042,-0.0083,-0.0050,-0.0053
2019-12-04,-0.02388589,-0.01848403,0.0001,0.0023,0.0025,0.0016,0.0006
2019-12-05,0.00776522,0.00510503,0.0001,-0.0014,0.0046,0.0027,0.0034
2019-12-06,0.00793399,0.00737864,0.0001,0.0038,0.0036,0.0033,0.0026
2019-12-09,-0.00063131,0.00470492,0.0001,0.0031,0.0012,-0.0013,-0.0026
2019-12-10,0.00315531,0.00374923,0.0001,0.0029,-0.0009,-0.0019,0.0007
2019-12-11,-0.00563714,-0.00481361,0.0001,-0.0009,0.0013,0.0034,0.0013
2019-12-12,-0.00929660,-0.00569715,0.0001,0.0014,0.0113,0.0013,0.0021
2019-12-13,-0.00677571,-0.00476035,0.0001,-0.0045,-0.0054,-0.0028,-0.0022
2019-12-16,0.01123696,0.00886442,0.0001,-0.0004,-0.0005,-0.0040,0.0014
2019-12-17,-0.00102809,-0.00228929,0.0001,0.0048,0.0066,0.0011,-0.0004
2019-12-18,0.01512002,0.01074462,0.0001,0.0029,0.0009,0.0028,-0.0003
2019-12-19,-0.00447320,-0.00557783,0.0001,-0.0015,-0.0042,-0.0025,-0.0002
2019-12-20,0.01818107,0.01066254,0.0001,-0.0028,-0.0031,-0.0001,-0.0004
2019-12-23,0.01483697,0.00970090,0.0001,0.0017,-0.0034,-0.0011,0.0028
2019-12-24,0.00005970,0.00364985,0.0001,0.0037,-0.0001,-0.0028,0.0005
2019-12-26,0.01549752,0.01832222,0.0001,-0.0057,0.0000,0.0025,-0.0018
2019-12-27,-0.01261225,-0.01084996,0.0001,-0.0055,-0.0007,0.0025,0.0015
2019-12-30,0.00448517,-0.00364283,0.0001,0.0029,0.0056,0.0012,0.0042
2019-12-31,-0.00229731,0.00096773,0.0001,0.0002,0.0011,-0.0012,0.0021
2020-01-02,-0.01403601,-0.00733293,0.0001,-0.0097,-0.0034,0.0023,-0.0022
2020-01-03,0.01926085,0.01849295,0.0001,0.0029,0.0001,-0.0014,-0.0017
2020-01-06,0.02454367,0.01785488,0.0001,-0.0022,-0.0055,-0.0016,-0.0031
2020-01-07,-0.01041415,-0.00900064,0.0001,-0.0004,-0.0026,-0.0013,-0.0031
2020-01-08,-0.00979069,-0.01188509,0.0001,-0.0018,-0.0064,-0.0021,-0.0015
2020-01-09,0.01701071,0.01010566,0.0001,-0.0071,-0.0048,-0.0015,0.0007
2020-01-10,-0.00132054,-0.00365240,0.0001,-0.0027,-0.0034,0.0005,-0.0007
2020-01-13,-0.02160944,-0.01858704,0.0001,-0.0010,-0.0009,0.0034,0.0030
2020-01-14,-0.00728266,-0.00054936,0.0001,0.0048,-0.0018,-0.0032,-0.0007
2020-01-15,0.00692698,-0.00374181,0.0001,0.0026,-0.0082,-0.0007,-0.0020
2020-01-16,0.02998148,0.02018169,0.0001,0.0051,-0.0011,0.0004,-0.0007
2020-01-17,0.01681027,0.01749917,0.0001,-0.0063,-0.0012,0.0022,0.0002
2020-01-21,0.00506170,-0.00411323,0.0001,-0.0068,-0.0062,-0.0011,-0.0031
2020-01-22,-0.00199315,-0.00879967,0.0001,-0.0024,0.0000,-0.0027,-0.0001
2020-01-23,0.00166613,-0.00023281,0.0001,-0.0006,-0.0014,0.0028,-0.0006
2020-01-24,0.00438602,0.00569280,0.0001,-0.0050,-0.0028,0.0017,-0.0003
2020-01-27,-0.00080806,0.00227658,0.0001,0.0026,-0.0041,-0.0052,0.0007
2020-01-28,0.01239582,0.01077816,0.0001,-0.0013,-0.0043,0.0017,-0.0008
2020-01-29,0.02714663,0.02025422,0.0001,-0.0043,-0.0097,0.0026,0.0017
2020-01-30,-0.01146996,-0.00789156,0.0001,-0.0063,0.0068,-0.0045,-0.0011
2020-01-31,-0.00396797,-0.00443427,0.0001,-0.0052,-0.0035,-0.0043,-0.0070
2020-02-03,-0.00364810,0.00257853,0.0001,0.0037,-0.0067,-0.0068,-0.0035
2020-02-04,0.01997597,0.01660598,0.0001,-0.0013,-0.0070,0.0036,-0.0013
2020-02-05,-0.01261801,-0.01234377,0.0001,0.0076,0.0148,0.0095,0.0063
2020-02-06,0.00649760,-0.00177944,0.0001,-0.0060,-0.0084,-0.0004,-0.0035
2020-02-07,-0.00156888,0.00772034,0.0001,-0.0084,-0.0002,-0.0023,-0.0054
2020-02-10,-0.01438073,-0.01566284,0.0001,-0.0018,-0.0090,-0.0011,-0.0040
2020-02-11,-0.01546856,-0.01849257,0.0001,0.0034,0.0104,0.0024,0.0017
2020-02-12,0.01603181,0.01645745,0.0001,0.0015,-0.0036,0.0020,-0.0002
2020-02-13,-0.01249158,-0.01504661,0.0001,0.0016,0.0001,-0.0011,-0.0044
2020-02-14,0.00280226,0.01016743,0.0001,-0.0056,-0.0066,-0.0023,-0.0029
2020-02-18,0.00186686,-0.00185547,0.0001,-0.0001,-0.0064,-0.0041,-0.0064
2020-02-19,0.01225794,0.00464053,0.0001,0.0020,0.0003,0.0019,-0.0032
2020-02-20,-0.00808654,-0.00728482,0.0001,0.0064,0.0067,0.0019,-0.0011
2020-02-21,-0.00217290,0.00170783,0.0001,-0.0005,0.0002,-0.0021,0.0034
2020-02-24,-0.00699360,-0.00007735,0.0001,0.0016,0.0001,-0.0032,0.0024
2020-02-25,0.00408455,0.00163068,0.0001,-0.0036,-0.0068,-0.0062,0.0004
2020-02-26,0.00642890,0.00594380,0.0001,-0.0075,-0.0120,-0.0047,-0.0008
2020-02-27,-0.01525731,-0.00475169,0.0001,0.0071,0.0006,-0.0042,-0.0013
2020-02-28,-0.00602285,-0.00243957,0.0001,0.0007,-0.0080,0.0023,-0.0039
2020-03-02,-0.00893744,-0.00466406,0.0001,-0.0189,-0.0042,-0.0052,0.0052
2020-03-03,0.01341748,0.00387148,0.0001,0.0068,-0.0063,-0.0040,0.0025
2020-03-04,0.01026454,0.01391410,0.0001,-0.0124,-0.0117,0.0007,0.0022
2020-03-05,-0.00885666,-0.00868087,0.0001,-0.0015,-0.0140,-0.0085,0.0011
2020-03-06,-0.00770676,-0.00225918,0.0001,-0.0021,-0.0148,0.0071,0.0037
2020-03-09,0.02509286,0.01817970,0.0001,-0.0137,-0.0475,0.0008,0.0052
2020-03-10,0.00576647,0.01360883,0.0001,-0.0238,0.0078,0.0050,0.0012
2020-03-11,-0.03216021,-0.02114124,0.0001,-0.0104,-0.0081,0.0004,0.0015
2020-03-12,0.00539896,0.00874484,0.0001,-0.0109,-0.0114,-0.0033,-0.0024
2020-03-13,-0.02308741,-0.01632387,0.0001,-0.0203,0.0294,0.0112,0.0078
2020-03-16,-0.00598990,0.00102874,0.0001,-0.0081,-0.0075,0.0053,0.0114
2020-03-17,0.01471632,0.01455773,0.0001,0.0047,-0.0067,-0.0047,-0.0002
2020-03-18,-0.00566444,-0.00804337,0.0001,-0.0458,-0.0474,0.0011,0.0018
2020-03-19,-0.00800705,-0.01900741,0.0001,0.0571,0.0095,-0.0141,-0.0164
2020-03-20,0.03563074,0.02953808,0.0001,0.0021,-0.0090,-0.0099,-0.0114
2020-03-23,0.00743160,-0.00961022,0.0001,0.0166,-0.0326,0.0034,-0.0118
2020-03-24,0.01392645,0.00890963,0.0001,-0.0024,0.0238,0.0053,0.0024
2020-03-25,-0.00241728,0.00260013,0.0001,-0.0018,0.0187,-0.0007,0.0008
2020-03-26,0.00639221,-0.00043951,0.0001,-0.0050,0.0108,-0.0065,-0.0002
2020-03-27,-0.00550420,-0.01046118,0.0001,-0.0111,-0.0076,-0.0111,0.0080
2020-03-30,-0.00246495,0.00015340,0.0001,-0.0078,-0.0211,-0.0029,0.0013
2020-03-31,0.00509765,-0.00118226,0.0001,0.0151,-0.0038,0.0040,-0.0009
2020-04-01,0.00505205,0.01118287,0.0000,-0.0202,-0.0131,0.0029,0.0027
2020-04-02,0.02006942,0.01677528,0.0000,-0.0093,-0.0028,-0.0025,0.0094
2020-04-03,-0.01788369,-0.01097394,0.0000,-0.0137,-0.0115,-0.0024,0.0041
2020-04-06,0.00224752,0.00170354,0.0000,0.0117,0.0028,0.0130,-0.0079
2020-04-07,-0.00903696,-0.00853407,0.0000,0.0011,0.0210,0.0090,-0.0037
2020-04-08,0.01337674,0.00452292,0.0000,0.0086,0.0127,0.0043,-0.0026
2020-04-09,0.00246291,-0.00491508,0.0000,0.0247,0.0319,-0.0079,-0.0010
2020-04-13,0.01059946,0.00971789,0.0000,-0.0148,-0.0240,-0.0045,0.0000
2020-04-14,-0.00472839,-0.01162032,0.0000,-0.0074,-0.0315,0.0023,-0.0030
2020-04-15,-0.00189243,-0.00456189,0.0000,-0.0199,-0.0255,-0.0040,-0.0030
2020-04-16,0.00815498,0.00979685,0.0000,-0.0084,-0.0298,-0.0028,-0.0026
2020-04-17,-0.00312006,0.00166662,0.0000,0.0155,0.0277,-0.0018,-0.0003
2020-04-20,0.01536825,0.00770569,0.0000,0.0037,-0.0091,-0.0174,-0.0050
2020-04-21,-0.03172925,-0.03405334,0.0000,0.0094,0.0016,0.0029,0.0042
2020-04-22,0.02130326,0.01590957,0.0000,-0.0087,-0.0166,0.0011,0.0004
2020-04-23,-0.00397236,-0.00929563,0.0000,0.0125,0.0055,0.0053,-0.0035
2020-04-24,0.01552286,0.00769698,0.0000,0.0025,-0.0012,-0.0019,0.0019
2020-04-27,-0.01716715,-0.00371875,0.0000,0.0216,0.0268,-0.0014,0.0011
2020-04-28,-0.01141100,-0.00911619,0.0000,0.0175,0.0286,0.0136,0.0069
2020-04-29,0.00379368,-0.00620776,0.0000,0.0230,0.0198,0.0122,-0.0085
2020-04-30,-0.00293053,-0.00480225,0.0000,-0.0209,-0.0171,0.0062,-0.0008
2020-05-01,0.01600656,0.01426996,0.0000,-0.0089,-0.0096,-0.0031,0.0040
2020-05-04,0.01021880,0.00888837,0.0000,-0.0013,-0.0129,-0.0074,-0.0039
2020-05-05,0.00958888,0.00448632,0.0000,-0.0029,-0.0201,-0.0048,-0.0054
2020-05-06,0.01980342,0.01047789,0.0000,0.0008,-0.0272,0.0019,-0.0056
2020-05-07,-0.01328022,-0.00710593,0.0000,0.0016,0.0041,-0.0010,-0.0071
2020-05-08,0.01700830,0.01756231,0.0000,0.0190,0.0246,0.0083,0.0039
2020-05-11,0.01013599,0.00513790,0.0000,-0.0025,-0.0379,-0.0086,-0.0010
2020-05-12,-0.00298911,-0.00111088,0.0000,-0.0112,-0.0136,-0.0063,-0.0001
2020-05-13,0.00612416,0.00173898,0.0000,-0.0143,-0.0208,-0.0005,-0.0023
2020-05-14,0.02284165,0.01507361,0.0000,-0.0107,0.0092,0.0064,0.0012
2020-05-15,0.02748964,0.01332725,0.0000,0.0133,-0.0115,0.0002,-0.0076
2020-05-18,0.00209740,-0.00098382,0.0000,0.0268,0.0461,0.0164,0.0029
2020-05-19,0.00728485,0.00091487,0.0000,-0.0078,-0.0151,0.0053,-0.0071
2020-05-20,0.00106497,0.00199189,0.0000,0.0122,0.0131,-0.0028,-0.0033
2020-05-21,-0.01012684,-0.01093629,0.0000,0.0074,0.0042,0.0013,0.0003
2020-05-22,0.01293635,0.00944674,0.0000,0.0025,-0.0085,-0.0056,-0.0038
2020-05-26,-0.01793152,-0.00570726,0.0000,0.0127,0.0454,0.0099,0.0053
2020-05-27,-0.02620981,-0.01953121,0.0000,0.0146,0.0359,0.0074,0.0044
2020-05-28,-0.02092031,-0.00698717,0.0000,-0.0209,-0.0241,-0.0025,0.0004
2020-05-29,0.00302597,0.00549538,0.0000,-0.0081,-0.0198,-0.0032,-0.0047
2020-06-01,0.00045775,0.00036881,0.0000,0.0026,0.0043,0.0001,-0.0022
2020-06-02,-0.01106078,-0.00516807,0.0000,0.0006,0.0055,0.0011,0.0029
2020-06-03,-0.00940211,-0.00684428,0.0000,0.0078,0.0262,0.0071,0.0022
2020-06-04,-0.00516124,-0.00931343,0.0000,0.0053,0.0290,0.0099,0.0063
2020-06-05,0.03044609,0.02254015,0.0000,0.0108,0.0275,0.0070,0.0008
2020-06-08,-0.01306826,-0.01346015,0.0000,0.0069,0.0207,-0.0048,0.0058
2020-06-09,0.01016964,0.00656754,0.0000,-0.0080,-0.0192,-0.0002,-0.0047
2020-06-10,-0.01401288,-0.01519268,0.0000,-0.0182,-0.0410,-0.0031,-0.0033
2020-06-11,0.00657946,0.00902612,0.0000,-0.0149,-0.0303,-0.0020,-0.0024
2020-06-12,-0.00418909,-0.00533234,0.0000,0.0080,0.0182,0.0013,0.0002
2020-06-15,0.00671653,0.00153842,0.0000,0.0143,-0.0038,-0.0077,-0.0029
2020-06-16,0.02157492,0.01646201,0.0000,0.0061,0.0049,0.0063,0.0020
2020-06-17,-0.00258783,0.00072512,0.0000,-0.0135,-0.0197,-0.0056,-0.0024
2020-06-18,-0.00082635,0.00286604,0.0000,0.0001,-0.0053,-0.0040,-0.0023
2020-06-19,0.02309738,0.01128982,0.0000,-0.0015,-0.0067,-0.0071,-0.0029
2020-06-22,0.00878429,0.00018161,0.0000,0.0047,-0.0136,-0.0038,-0.0036
2020-06-23,0.02802204,0.02150115,0.0000,0.0021,-0.0060,0.0059,-0.0012
2020-06-24,0.02261425,0.01870574,0.0000,-0.0070,-0.0136,-0.0006,0.0031
2020-06-25,-0.00407101,-0.00075844,0.0000,0.0034,0.0050,-0.0082,0.0017
2020-06-26,0.01056145,0.00789440,0.0000,-0.0019,-0.0139,0.0002,0.0072
2020-06-29,0.00323705,0.00790136,0.0000,0.0148,0.0186,0.0149,0.0039
2020-06-30,0.03220554,0.02260054,0.0000,-0.0001,-0.0001,-0.0039,-0.0027
2020-07-01,0.01162683,0.01457910,0.0000,-0.0169,-0.0257,-0.0041,-0.0122
2020-07-02,-0.00882936,-0.01386130,0.0000,0.0001,-0.0014,0.0042,0.0014
2020-07-06,-0.00695535,-0.00498974,0.0000,-0.0067,0.0035,0.0027,0.0004
2020-07-07,-0.01657618,-0.00929553,0.0000,-0.0098,-0.0150,-0.0111,-0.0008
2020-07-08,0.02537969,0.01775982,0.0000,0.0008,-0.0046,-0.0042,-0.0029
2020-07-09,-0.01210189,-0.00867369,0.0000,-0.0157,-0.0261,-0.0033,-0.0055
2020-07-10,0.00099023,-0.00440892,0.0000,0.0067,0.0306,0.0086,0.0019
2020-07-13,-0.00756398,-0.00764905,0.0000,-0.0027,0.0204,0.0106,0.0114
2020-07-14,0.02021243,0.00712769,0.0000,0.0039,-0.0029,-0.0002,0.0047
2020-07-15,-0.01638808,-0.01575540,0.0000,0.0273,0.0126,0.0018,0.0007
2020-07-16,-0.00704572,-0.00473727,0.0000,-0.0016,0.0081,0.0024,0.0034
2020-07-17,0.02826129,0.01506180,0.0000,-0.0016,-0.0143,-0.0109,0.0001
2020-07-20,-0.00442412,-0.00299977,0.0000,-0.0111,-0.0238,-0.0083,-0.0125
2020-07-21,0.00052892,-0.00287696,0.0000,0.0147,0.0328,0.0053,0.0089
2020-07-22,0.01025740,0.00668829,0.0000,-0.0064,-0.0037,0.0049,0.0002
2020-07-23,0.02211394,0.01248310,0.0000,0.0122,0.0198,-0.0021,0.0017
2020-07-24,-0.00580949,-0.01037292,0.0000,-0.0080,0.0045,0.0027,0.0002
2020-07-27,-0.00414347,0.00008275,0.0000,0.0029,-0.0202,-0.0019,0.0010
2020-07-28,0.00038001,0.00065817,0.0000,-0.0046,0.0101,0.0029,0.0011
2020-07-29,0.00556123,-0.00443348,0.0000,0.0064,0.0090,0.0024,0.0016
2020-07-30,-0.00015844,-0.00401165,0.0000,-0.0001,-0.0184,-0.0057,-0.0016
2020-07-31,0.00364809,0.00441585,0.0000,-0.0183,-0.0066,0.0077,0.0065
2020-08-03,-0.00358210,-0.00876871,0.0000,0.0109,-0.0083,-0.0027,0.0036
2020-08-04,-0.00407606,-0.00994528,0.0000,0.0044,0.0006,0.0012,0.0009
2020-08-05,0.02600670,0.01414615,0.0000,0.0124,0.0082,0.0019,-0.0013
2020-08-06,-0.00233951,-0.00617102,0.0000,-0.0059,-0.0085,0.0057,0.0005
2020-08-07,-0.00602225,-0.00493890,0.0000,0.0158,0.0240,0.0052,0.0020
2020-08-10,-0.00161772,0.00170123,0.0000,0.0132,0.0173,0.0084,0.0123
2020-08-11,-0.01201447,-0.00060124,0.0000,0.0020,0.0161,0.0090,0.0003
2020-08-12,0.03094315,0.02306202,0.0000,-0.0083,-0.0133,0.0093,-0.0013
2020-08-13,0.00913488,0.00983735,0.0000,-0.0015,-0.0132,-0.0063,-0.0053
2020-08-14,-0.00213685,-0.00569974,0.0000,0.0006,0.0108,0.0042,0.0018
2020-08-17,0.00103022,0.00405119,0.0000,0.0004,-0.0194,-0.0080,-0.0050
2020-08-18,0.00851761,0.01041495,0.0000,-0.0133,-0.0142,0.0002,-0.0056
2020-08-19,0.00037767,0.00027900,0.0000,0.0049,0.0009,-0.0004,-0.0014
2020-08-20,-0.00709474,-0.00006510,0.0000,-0.0097,-0.0155,0.0010,-0.0050
2020-08-21,0.00355180,0.00207610,0.0000,-0.0124,-0.0044,0.0060,0.0068
2020-08-24,-0.02181256,-0.01292283,0.0000,0.0021,0.0259,0.0112,0.0057
2020-08-25,0.01803108,0.01219796,0.0000,0.0000,-0.0064,-0.0046,-0.0069
2020-08-26,-0.00985380,-0.01701429,0.0000,-0.0172,-0.0175,-0.0013,-0.0087
2020-08-27,0.00667647,0.00258242,0.0000,0.0000,0.0095,0.0057,-0.0050
2020-08-28,-0.00116971,-0.00570693,0.0000,0.0036,-0.0022,0.0014,-0.0008
2020-08-31,0.00037516,0.00473999,0.0000,-0.0094,-0.0175,-0.0070,-0.0016
2020-09-01,-0.01155094,-0.00280409,0.0000,0.0021,-0.0032,0.0061,0.0009
2020-09-02,0.00483439,-0.00272308,0.0000,-0.0026,-0.0045,0.0077,-0.0038
2020-09-03,-0.01566657,-0.01363518,0.0000,0.0044,0.0260,-0.0010,-0.0004
2020-09-04,0.00207895,0.00502097,0.0000,0.0036,0.0207,0.0078,0.0088
2020-09-08,-0.03458945,-0.02553449,0.0000,0.0090,-0.0029,-0.0072,-0.0059
2020-09-09,0.01114389,0.00707348,0.0000,-0.0061,-0.0199,-0.0017,-0.0022
2020-09-10,-0.00382179,0.00134264,0.0000,0.0038,-0.0006,-0.0039,-0.0036
2020-09-11,-0.02255709,-0.01437340,0.0000,-0.0062,0.0090,0.0023,0.0047
2020-09-14,0.00146792,0.00146217,0.0000,0.0101,-0.0080,-0.0082,0.0001
2020-09-15,-0.01423045,-0.01195142,0.0000,-0.0063,-0.0146,0.0013,-0.0041
2020-09-16,-0.00989677,-0.00307132,0.0000,0.0122,0.0132,-0.0093,0.0024
2020-09-17,0.00961941,0.00562515,0.0000,0.0047,0.0020,0.0006,0.0061
2020-09-18,0.00220933,0.00111273,0.0000,0.0078,-0.0021,-0.0111,-0.0045
2020-09-21,0.01819179,0.01536582,0.0000,-0.0269,-0.0190,-0.0047,-0.0031
2020-09-22,0.00315658,0.00331602,0.0000,-0.0049,-0.0160,0.0059,-0.0052
2020-09-23,-0.01599493,-0.01534817,0.0000,-0.0066,0.0016,0.0019,-0.0018
2020-09-24,0.01612417,0.00769596,0.0000,-0.0019,0.0038,0.0051,0.0014
2020-09-25,-0.01546921,-0.00688410,0.0000,-0.0017,-0.0134,-0.0049,-0.0070
2020-09-28,0.01119037,0.01001871,0.0000,0.0087,0.0105,0.0041,0.0021
2020-09-29,0.01090457,0.00227786,0.0000,0.0040,-0.0132,-0.0078,-0.0059
2020-09-30,0.01001277,0.00662643,0.0000,-0.0068,0.0016,0.0034,0.0011
2020-10-01,0.01540829,0.00184504,0.0000,0.0080,-0.0054,-0.0002,-0.0056
2020-10-02,-0.00472735,0.00041786,0.0000,0.0169,0.0243,0.0058,0.0034
2020-10-05,-0.00501964,-0.00260822,0.0000,0.0090,-0.0009,-0.0047,0.0009
2020-10-06,0.01913979,0.01307628,0.0000,0.0083,0.0025,-0.0052,-0.0006
2020-10-07,-0.00375541,-0.00599085,0.0000,0.0053,0.0016,-0.0031,0.0009
2020-10-08,-0.00328168,-0.00347915,0.0000,0.0025,0.0107,0.0027,0.0031
2020-10-09,-0.01595805,-0.01306199,0.0000,-0.0032,-0.0142,-0.0015,-0.0030
2020-10-12,-0.01118031,-0.00174710,0.0000,-0.0101,-0.0009,0.0079,0.0036
2020-10-13,-0.02477858,-0.01571593,0.0000,-0.0019,-0.0174,-0.0086,-0.0094
2020-10-14,0.02457764,0.02389162,0.0000,0.0001,0.0003,0.0034,0.0068
2020-10-15,0.01721379,0.01537422,0.0000,0.0117,0.0114,0.0015,0.0016
2020-10-16,-0.00610016,-0.00703226,0.0000,-0.0013,0.0005,-0.0005,-0.0011
2020-10-19,-0.02229723,-0.01028166,0.0000,0.0035,0.0032,-0.0033,-0.0020
2020-10-20,-0.00789690,0.00071917,0.0000,-0.0008,0.0126,0.0054,0.0018
2020-10-21,-0.00440003,-0.01041081,0.0000,-0.0048,0.0041,0.0051,0.0001
2020-10-22,0.02184743,0.01388856,0.0000,0.0095,0.0103,-0.0059,-0.0008
2020-10-23,-0.01270279,-0.00806474,0.0000,0.0038,0.0004,-0.0015,-0.0035
2020-10-26,-0.01347102,-0.00504749,0.0000,-0.0048,-0.0039,-0.0015,-0.0001
2020-10-27,-0.02010829,-0.01497952,0.0000,-0.0062,-0.0233,-0.0039,-0.0071
2020-10-28,0.00475114,0.01025897,0.0000,0.0018,0.0057,-0.0046,0.0000
2020-10-29,0.02910630,0.02057019,0.0000,0.0015,0.0027,0.0028,0.0057
2020-10-30,0.00115298,-0.00908636,0.0000,-0.0023,0.0185,0.0027,-0.0005
2020-11-02,0.00474907,0.00075200,0.0000,0.0087,0.0100,0.0041,0.0041
2020-11-03,-0.00797536,-0.01186887,0.0000,0.0101,-0.0019,-0.0020,0.0002
2020-11-04,-0.00311418,-0.01349808,0.0000,-0.0256,-0.0503,-0.0069,-0.0177
2020-11-05,0.00697355,0.01134494,0.0000,0.0104,0.0054,0.0036,0.0050
2020-11-06,-0.00614267,-0.00353300,0.0000,-0.0109,-0.0092,-0.0024,-0.0009
2020-11-09,0.00621904,0.00571546,0.0000,0.0281,0.0673,0.0076,0.0086
2020-11-10,0.01778764,0.00784298,0.0000,0.0209,0.0215,0.0030,0.0131
2020-11-11,0.01574753,0.01525108,0.0000,-0.0108,-0.0178,-0.0063,-0.0019
2020-11-12,0.00336573,0.00175535,0.0000,-0.0056,-0.0119,-0.0067,-0.0024
2020-11-13,0.00580040,-0.00143336,0.0000,0.0092,0.0115,0.0057,0.0041
2020-11-16,-0.01279440,-0.00890792,0.0000,0.0127,0.0198,0.0069,0.0086
2020-11-17,0.01314703,0.01105490,0.0000,0.0061,-0.0001,-0.0041,-0.0043
2020-11-18,0.02325992,0.01472693,0.0000,-0.0005,0.0003,0.0006,-0.0039
2020-11-19,-0.02359835,-0.01636735,0.0000,0.0028,-0.0077,-0.0066,-0.0022
2020-11-20,-0.00579432,-0.00774082,0.0000,0.0059,-0.0060,-0.0074,-0.0010
2020-11-23,-0.01768184,-0.00737691,0.0000,0.0141,0.0155,0.0033,0.0003
2020-11-24,-0.00494017,-0.01020307,0.0000,0.0049,0.0278,0.0052,0.0051
2020-11-25,0.00977921,0.00779528,0.0000,-0.0027,-0.0132,-0.0039,-0.0054
2020-11-27,0.00103858,-0.00030761,0.0000,0.0014,-0.0162,-0.0076,-0.0032
2020-11-30,0.00534547,0.00637937,0.0000,-0.0155,-0.0207,-0.0049,0.0046
2020-12-01,-0.00435708,0.00122729,0.0000,-0.0006,0.0052,0.0104,0.0053
2020-12-02,0.02059640,0.01240612,0.0000,0.0021,0.0107,0.0037,0.0055
2020-12-03,-0.00074827,-0.00017202,0.0000,0.0056,-0.0010,-0.0027,0.0020
2020-12-04,0.03008032,0.01739218,0.0000,0.0161,0.0083,-0.0034,0.0060
2020-12-07,0.02892587,0.01685949,0.0000,-0.0006,-0.0102,-0.0057,-0.0049
2020-12-08,0.00153849,-0.00689381,0.0000,0.0088,-0.0069,-0.0071,-0.0005
2020-12-09,0.01896082,0.01107085,0.0000,0.0032,0.0128,0.0085,0.0035
2020-12-10,0.00114819,0.00097230,0.0000,0.0094,-0.0046,-0.0151,-0.0024
2020-12-11,0.00816092,0.01049491,0.0000,-0.0057,-0.0073,-0.0058,-0.0056
2020-12-14,-0.01524629,-0.01370406,0.0000,0.0021,-0.0151,-0.0039,-0.0083
2020-12-15,0.00773356,0.00666560,0.0000,0.0114,0.0038,0.0045,0.0054
2020-12-16,0.00351259,0.00245566,0.0000,-0.0056,-0.0039,0.0003,-0.0017
2020-12-17,0.00218251,0.00341159,0.0000,0.0050,-0.0070,-0.0058,-0.0019
2020-12-18,0.02074317,0.01641549,0.0000,-0.0019,-0.0117,-0.0038,-0.0073
2020-12-21,-0.01674558,-0.01276422,0.0000,0.0024,-0.0006,-0.0100,0.0030
2020-12-22,0.01104102,0.00661101,0.0000,0.0085,-0.0163,-0.0084,-0.0010
2020-12-23,-0.00899694,-0.00877523,0.0000,0.0087,0.0203,0.0027,0.0041
2020-12-24,-0.01364247,-0.00629242,0.0000,-0.0044,-0.0019,0.0024,-0.0008
2020-12-28,-0.00142354,0.00560639,0.0000,-0.0067,0.0036,0.0138,0.0048
2020-12-29,-0.01970986,-0.01183494,0.0000,-0.0142,0.0024,0.0078,-0.0027
2020-12-30,-0.02057508,-0.02413041,0.0000,0.0107,0.0006,-0.0066,-0.0004
2020-12-31,-0.00329384,0.00667251,0.0000,-0.0069,0.0044,0.0056,-0.0022
2021-01-04,0.00774725,0.01223682,0.0000,0.0014,0.0057,-0.0064,0.0010
2021-01-05,0.01899308,0.00394800,0.0000,0.0132,0.0050,0.0036,0.0056
2021-01-06,0.01161880,0.00974101,0.0000,0.0316,0.0394,0.0005,0.0052
2021-01-07,-0.01686101,-0.01298384,0.0000,0.0002,-0.0081,-0.0148,-0.0023
2021-01-08,0.01072790,0.00819081,0.0000,-0.0101,-0.0138,-0.0042,-0.0036
2021-01-11,-0.00263765,-0.01141684,0.0000,0.0054,0.0126,-0.0016,0.0041
2021-01-12,0.01288721,-0.00159363,0.0000,0.0148,0.0124,-0.0044,0.0040
2021-01-13,-0.00153043,-0.00557517,0.0000,-0.0104,-0.0045,-0.0019,-0.0005
2021-01-14,0.00555619,0.00117167,0.0000,0.0236,0.0113,-0.0099,0.0043
2021-01-15,0.00545600,0.00699773,0.0000,-0.0075,-0.0074,0.0029,-0.0045
2021-01-19,-0.03112739,-0.02520782,0.0000,0.0075,-0.0079,-0.0069,0.0009
2021-01-20,-0.01037769,-0.00883739,0.0000,-0.0074,-0.0110,0.0064,-0.0041
2021-01-21,0.01802617,0.00824781,0.0000,-0.0076,-0.0096,0.0083,0.0036
2021-01-22,0.01051711,0.00424506,0.0000,0.0164,-0.0011,-0.0068,0.0061
2021-01-25,-0.00535464,-0.01005953,0.0000,-0.0027,-0.0043,0.0021,0.0095
2021-01-26,-0.00301058,-0.00352355,0.0000,-0.0003,0.0004,0.0104,0.0113
2021-01-27,0.00103951,-0.00202221,0.0000,0.0120,0.0155,0.0056,0.0247
2021-01-28,-0.00527939,0.00249016,0.0000,-0.0169,-0.0093,-0.0105,-0.0228
2021-01-29,-0.00680593,-0.00889631,0.0000,0.0041,0.0059,-0.0076,0.0040
2021-02-01,0.00981392,0.00603448,0.0000,0.0075,-0.0147,-0.0023,-0.0124
2021-02-02,0.03500653,0.02683289,0.0000,-0.0081,-0.0103,-0.0097,-0.0210
2021-02-03,-0.01928982,-0.01051043,0.0000,0.0068,0.0073,-0.0009,0.0018
2021-02-04,0.02747004,0.02834611,0.0000,0.0060,0.0038,-0.0009,-0.0024
2021-02-05,0.01742093,0.00745217,0.0000,0.0095,-0.0049,-0.0071,0.0042
2021-02-08,0.00079599,0.00018738,0.0000,0.0224,0.0039,-0.0095,0.0073
2021-02-09,-0.00333656,-0.00447057,0.0000,0.0064,-0.0006,-0.0067,-0.0041
2021-02-10,-0.00462505,-0.01149090,0.0000,-0.0053,0.0079,0.0030,0.0007
2021-02-11,-0.00958142,-0.00344457,0.0000,-0.0021,-0.0070,-0.0046,-0.0029
2021-02-12,-0.01954308,-0.00615694,0.0000,-0.0010,0.0046,-0.0039,-0.0007
2021-02-16,0.00202002,0.00085726,0.0000,-0.0026,0.0193,0.0017,0.0005
2021-02-17,0.00601940,0.00962284,0.0000,-0.0067,0.0060,0.0026,-0.0015
2021-02-18,-0.02076475,-0.01638163,0.0000,-0.0147,-0.0021,0.0088,-0.0043
2021-02-19,-0.00116571,-0.00492217,0.0000,0.0202,0.0073,-0.0043,0.0053
2021-02-22,-0.02293051,-0.01430196,0.0000,0.0073,0.0313,0.0167,0.0086
2021-02-23,-0.00885079,-0.00487590,0.0000,-0.0101,0.0089,0.0113,-0.0021
2021-02-24,0.00386870,-0.00350376,0.0000,0.0147,0.0144,-0.0028,0.0033
2021-02-25,0.00876863,0.00665252,0.0000,-0.0091,0.0088,0.0097,0.0045
2021-02-26,-0.01347373,-0.01003194,0.0000,0.0035,-0.0160,-0.0004,-0.0040
2021-03-01,0.01159732,0.01108134,0.0000,0.0111,0.0023,-0.0040,0.0021
2021-03-02,-0.00593139,-0.00540566,0.0000,-0.0077,0.0125,0.0062,0.0023
2021-03-03,-0.01423058,-0.00607344,0.0000,0.0065,0.0356,0.0164,0.0107
2021-03-04,-0.01220795,-0.00382177,0.0000,-0.0110,0.0170,0.0127,0.0049
2021-03-05,0.00019255,0.00608052,0.0000,0.0038,0.0062,0.0096,0.0052
2021-03-08,-0.00856432,-0.00134820,0.0000,0.0146,0.0371,0.0163,0.0092
2021-03-09,-0.00923521,-0.00915019,0.0000,0.0043,-0.0323,-0.0184,-0.0048
2021-03-10,0.00195104,0.00171721,0.0000,0.0120,0.0182,-0.0007,0.0015
2021-03-11,0.00344617,-0.00303893,0.0000,0.0107,-0.0200,-0.0139,-0.0081
2021-03-12,-0.00488707,-0.00631908,0.0000,0.0053,0.0129,0.0063,0.0058
2021-03-15,-0.00890314,-0.00377752,0.0000,-0.0035,-0.0127,0.0025,0.0009
2021-03-16,-0.01325323,-0.00941622,0.0000,-0.0135,-0.0085,0.0028,-0.0002
2021-03-17,0.01284377,0.00576880,0.0000,0.0065,0.0034,-0.0004,0.0010
2021-03-18,-0.00751157,-0.00526802,0.0000,-0.0121,0.0216,0.0093,0.0046
2021-03-19,0.00294347,0.00329069,0.0000,0.0094,-0.0099,-0.0079,-0.0054
2021-03-22,0.00450607,-0.00247418,0.0000,-0.0169,-0.0223,-0.0025,-0.0010
2021-03-23,-0.02051889,-0.01228845,0.0000,-0.0295,-0.0104,0.0058,-0.0074
2021-03-24,-0.00866089,-0.00380183,0.0000,-0.0158,0.0146,0.0138,0.0013
2021-03-25,-0.00259475,-0.00221234,0.0000,0.0202,0.0140,0.0045,0.0111
2021-03-26,-0.00975653,-0.00997457,0.0000,0.0020,0.0068,0.0078,0.0060
2021-03-29,0.00592971,0.00714771,0.0000,-0.0249,-0.0023,0.0090,0.0002
2021-03-30,0.00396414,0.00751609,0.0000,0.0184,0.0101,-0.0026,-0.0023
2021-03-31,-0.01440356,-0.01265260,0.0000,0.0058,-0.0234,-0.0117,-0.0028
2021-04-01,-0.00010421,-0.00278414,0.0000,0.0021,-0.0002,-0.0069,-0.0051
2021-04-05,0.00009017,-0.00276815,0.0000,-0.0071,-0.0071,0.0100,0.0009
2021-04-06,0.00894601,0.00726905,0.0000,-0.0031,0.0009,-0.0012,-0.0028
2021-04-07,-0.01223051,-0.00795656,0.0000,-0.0153,0.0030,0.0068,-0.0012
2021-04-08,-0.02065711,-0.01811280,0.0000,0.0027,-0.0117,-0.0052,-0.0038
2021-04-09,-0.00455330,-0.00977775,0.0000,-0.0061,0.0015,0.0079,0.0009
2021-04-12,-0.00044595,0.00008753,0.0000,-0.0046,0.0056,0.0073,-0.0036
2021-04-13,0.01644633,0.00967550,0.0000,-0.0077,-0.0160,-0.0107,-0.0037
2021-04-14,-0.00369985,-0.00264797,0.0000,0.0118,0.0141,0.0001,0.0067
2021-04-15,-0.00585477,-0.00402336,0.0000,-0.0080,-0.0119,0.0010,-0.0054
2021-04-16,-0.01269104,-0.01376537,0.0000,-0.0019,0.0065,0.0083,0.0018
2021-04-19,0.00109491,0.00613208,0.0000,-0.0066,0.0079,0.0072,0.0043
2021-04-20,0.00259672,0.00433942,0.0000,-0.0138,-0.0157,0.0038,-0.0046
2021-04-21,-0.02107212,-0.01782008,0.0000,0.0153,0.0012,-0.0047,0.0009
2021-04-22,0.01629831,0.01199154,0.0000,0.0063,-0.0077,-0.0020,-0.0020
2021-04-23,-0.01789843,-0.00861153,0.0000,0.0077,0.0069,-0.0035,0.0003
2021-04-26,0.00151638,-0.00250734,0.0000,0.0079,-0.0050,-0.0120,-0.0007
2021-04-27,0.00460079,-0.00300474,0.0000,0.0008,0.0085,0.0054,0.0006
2021-04-28,0.01039395,0.01265917,0.0000,0.0029,0.0020,-0.0030,-0.0033
2021-04-29,-0.01323890,-0.00793287,0.0000,-0.0076,0.0109,0.0133,-0.0022
2021-04-30,-0.01846400,-0.01377586,0.0000,-0.0052,-0.0033,0.0013,-0.0041
2021-05-03,0.02533419,0.01975215,0.0000,0.0073,0.0170,0.0105,0.0108
2021-05-04,-0.02619865,-0.01490214,0.0000,-0.0024,0.0200,0.0109,0.0057
2021-05-05,-0.00242293,0.00096273,0.0000,-0.0016,0.0133,0.0064,0.0061
2021-05-06,-0.00355097,-0.00408427,0.0000,-0.0049,0.0118,0.0123,0.0058
2021-05-07,0.01242265,0.00386351,0.0000,0.0045,-0.0008,-0.0022,0.0015
2021-05-10,0.00446752,0.01008430,0.0000,-0.0128,0.0168,0.0116,0.0077
2021-05-11,-0.01605928,-0.01611476,0.0000,0.0069,-0.0087,-0.0083,-0.0005
2021-05-12,-0.02237087,-0.00246841,0.0000,-0.0115,0.0070,-0.0029,0.0014
2021-05-13,0.03146199,0.02064081,0.0000,0.0048,0.0113,0.0138,0.0034
2021-05-14,0.01004871,0.00053827,0.0000,0.0097,-0.0016,-0.0024,-0.0004
2021-05-17,-0.00942930,-0.00567914,0.0000,0.0072,0.0084,0.0002,0.0058
2021-05-18,-0.01747061,-0.00584028,0.0000,0.0005,-0.0093,-0.0102,-0.0043
2021-05-19,-0.00731648,-0.00310669,0.0000,-0.0053,-0.0046,-0.0018,-0.0033
2021-05-20,0.00690071,0.00329424,0.0000,-0.0049,-0.0142,-0.0085,-0.0048
2021-05-21,0.00838843,0.01021327,0.0000,0.0046,0.0098,-0.0011,-0.0006
2021-05-24,0.00707290,0.01405578,0.0000,-0.0048,-0.0070,0.0026,-0.0031
2021-05-25,-0.01115389,-0.00303886,0.0000,-0.0085,-0.0123,0.0020,-0.0015
2021-05-26,-0.00255494,-0.00143048,0.0000,0.0177,0.0057,-0.0054,0.0014
2021-05-27,-0.00060446,-0.00793467,0.0000,0.0108,0.0095,-0.0026,0.0027
2021-05-28,0.00141513,0.00523836,0.0000,-0.0037,-0.0032,-0.0020,-0.0040
2021-06-01,0.00260070,-0.00215114,0.0000,0.0141,0.0144,0.0029,0.0039
2021-06-02,0.01125051,0.01115443,0.0000,-0.0021,0.0032,-0.0007,0.0070
2021-06-03,0.00516492,0.00977208,0.0000,-0.0025,0.0073,0.0041,0.0034
2021-06-04,0.01961889,0.01198924,0.0000,-0.0059,-0.0091,-0.0015,-0.0022
2021-06-07,0.00640744,0.00107571,0.0000,0.0127,-0.0095,-0.0100,-0.0021
2021-06-08,0.01832890,0.01355466,0.0000,0.0108,-0.0031,0.0007,-0.0009
2021-06-09,-0.01115207,-0.01019779,0.0000,-0.0045,-0.0084,0.0016,0.0019
2021-06-10,-0.00582664,-0.00310823,0.0000,-0.0133,-0.0205,-0.0056,-0.0105
2021-06-11,0.00319639,0.00712225,0.0000,0.0072,0.0017,0.0004,0.0000
2021-06-14,0.00220987,0.00385558,0.0000,-0.0075,-0.0162,-0.0059,-0.0049
2021-06-15,-0.01673551,-0.01243869,0.0000,0.0023,0.0128,0.0067,0.0013
2021-06-16,-0.01732829,-0.00958743,0.0000,0.0043,0.0020,-0.0034,-0.0024
2021-06-17,0.01147915,0.00687122,0.0000,-0.0135,-0.0357,-0.0070,-0.0110
2021-06-18,0.00435078,-0.00417048,0.0000,-0.0080,-0.0144,-0.0043,-0.0071
2021-06-21,0.01705189,0.00575011,0.0000,0.0084,0.0106,0.0040,0.0031
2021-06-22,0.00323641,0.00714728,0.0000,-0.0009,-0.0043,0.0020,0.0020
2021-06-23,-0.00387466,-0.00021355,0.0000,0.0051,-0.0029,-0.0048,-0.0024
2021-06-24,0.00744226,0.00702761,0.0000,0.0074,0.0023,-0.0039,0.0026
2021-06-25,-0.00372064,-0.00031179,0.0000,-0.0050,0.0043,-0.0014,0.0006
2021-06-28,-0.00516559,0.00112017,0.0000,-0.0086,-0.0159,-0.0049,-0.0014
2021-06-29,0.01207060,0.00380077,0.0000,-0.0039,-0.0030,0.0031,0.0039
2021-06-30,0.01037682,0.00687236,0.0000,0.0013,0.0075,0.0072,0.0064
2021-07-01,0.00272422,0.00264555,0.0000,0.0042,0.0044,0.0000,0.0033
2021-07-02,-0.00007375,-0.00049718,0.0000,-0.0153,-0.0070,0.0066,-0.0014
2021-07-06,-0.00926316,-0.00457567,0.0000,-0.0102,-0.0200,0.0055,-0.0075
2021-07-07,-0.00048274,0.00204659,0.0000,-0.0084,0.0008,0.0170,0.0035
2021-07-08,-0.01778397,-0.00641745,0.0000,-0.0001,-0.0079,-0.0022,-0.0003
2021-07-09,0.00080064,-0.00100565,0.0000,0.0085,0.0157,-0.0017,0.0041
2021-07-12,-0.00062118,-0.00309607,0.0000,-0.0002,0.0056,0.0028,-0.0027
2021-07-13,-0.00362664,0.00029424,0.0000,-0.0121,-0.0041,0.0075,0.0012
2021-07-14,0.00993380,0.01376994,0.0000,-0.0116,0.0035,0.0194,0.0063
2021-07-15,-0.01095674,-0.00344535,0.0000,-0.0026,0.0079,0.0034,-0.0007
2021-07-16,-0.01233750,-0.00696140,0.0000,-0.0040,-0.0127,0.0013,-0.0084
2021-07-19,0.00968962,-0.00129479,0.0000,0.0004,-0.0177,-0.0043,-0.0111
2021-07-20,-0.00629280,-0.00904578,0.0000,0.0086,0.0014,-0.0058,0.0033
2021-07-21,0.00090900,0.00731334,0.0000,0.0073,0.0081,-0.0096,0.0008
2021-07-22,-0.01529367,-0.00891066,0.0000,-0.0156,-0.0102,0.0050,-0.0043
2021-07-23,-0.01572262,-0.00983442,0.0000,-0.0033,-0.0045,0.0049,-0.0036
2021-07-26,0.00200017,0.00463802,0.0000,0.0009,0.0133,0.0029,0.0087
2021-07-27,0.01722799,0.01108722,0.0000,-0.0046,0.0059,0.0046,0.0009
2021-07-28,0.02094514,0.01462055,0.0000,0.0121,-0.0064,-0.0157,-0.0073
2021-07-29,-0.00485953,-0.00570327,0.0000,0.0022,0.0094,0.0082,0.0055
2021-07-30,0.00629939,-0.00214048,0.0000,-0.0009,-0.0018,0.0057,0.0042
2021-08-02,0.00741589,0.00357376,0.0000,-0.0013,-0.0045,-0.0007,-0.0039
2021-08-03,0.01862098,0.01355042,0.0000,-0.0039,0.0093,0.0065,0.0027
2021-08-04,-0.01069653,-0.01721545,0.0000,-0.0098,-0.0157,-0.0037,-0.0113
2021-08-05,-0.01826403,-0.01646077,0.0000,0.0108,-0.0012,-0.0129,-0.0040
2021-08-06,-0.00469967,0.00242962,0.0000,0.0046,0.0188,0.0048,0.0029
2021-08-09,-0.00099046,-0.00189706,0.0000,-0.0046,-0.0027,-0.0064,-0.0052
2021-08-10,0.01352967,0.00845047,0.0000,0.0038,0.0182,0.0072,0.0092
2021-08-11,-0.02143829,-0.01764598,0.0000,0.0030,0.0144,0.0091,0.0056
2021-08-12,-0.01015472,-0.00824672,0.0000,-0.0068,-0.0041,0.0007,0.0011
2021-08-13,0.01946095,0.01646292,0.0000,-0.0095,-0.0027,0.0070,-0.0001
2021-08-16,0.02340064,0.01511094,0.0000,-0.0086,0.0006,0.0166,0.0022
2021-08-17,-0.00041584,0.00720602,0.0000,-0.0050,-0.0013,-0.0030,0.0008
2021-08-18,-0.00674802,0.00027433,0.0000,0.0010,-0.0018,-0.0032,-0.0066
2021-08-19,-0.01617597,-0.00718314,0.0000,-0.0096,-0.0083,0.0138,-0.0047
2021-08-20,-0.00373265,-0.01100259,0.0000,0.0086,-0.0050,-0.0036,-0.0032
2021-08-23,-0.01777922,-0.01085172,0.0000,0.0075,-0.0083,-0.0185,-0.0010
2021-08-24,-0.02830224,-0.02247212,0.0000,0.0040,0.0035,-0.0072,0.0002
2021-08-25,-0.01153063,-0.01350961,0.0000,0.0006,0.0036,-0.0042,-0.0001
2021-08-26,-0.00960306,-0.00884920,0.0000,-0.0044,-0.0033,-0.0006,-0.0012
2021-08-27,0.04361870,0.03846195,0.0000,0.0164,0.0031,-0.0069,0.0016
2021-08-30,0.00715815,0.00404264,0.0000,-0.0069,-0.0139,0.0066,0.0007
2021-08-31,0.03363307,0.02812091,0.0000,0.0046,-0.0004,-0.0047,-0.0020
2021-09-01,-0.02532022,-0.01907696,0.0000,0.0040,-0.0096,-0.0045,-0.0039
2021-09-02,0.01780175,0.00739108,0.0000,0.0020,-0.0002,-0.0044,0.0059
2021-09-03,0.02195730,0.00960231,0.0000,-0.0056,-0.0028,0.0003,-0.0031
2021-09-07,0.02341863,0.02266931,0.0000,-0.0036,-0.0008,-0.0060,0.0014
2021-09-08,0.02357834,0.01602195,0.0000,-0.0074,0.0007,0.0073,0.0020
2021-09-09,0.00287227,0.00834178,0.0000,0.0025,0.0009,-0.0078,-0.0027
2021-09-10,0.00617895,-0.00328002,0.0000,-0.0003,0.0002,0.0020,-0.0037
2021-09-13,0.00114551,0.00010483,0.0000,0.0024,0.0135,0.0023,0.0093
2021-09-14,0.00644997,-0.00157366,0.0000,-0.0067,-0.0097,0.0042,-0.0047
2021-09-15,-0.00495262,-0.00621437,0.0000,0.0012,0.0067,-0.0024,0.0043
2021-09-16,-0.01820289,-0.01438117,0.0000,-0.0010,-0.0058,-0.0042,-0.0053
2021-09-17,0.00770972,-0.00885002,0.0000,0.0100,-0.0005,-0.0064,-0.0048
2021-09-20,-0.01530179,-0.01182980,0.0000,-0.0056,0.0022,0.0078,0.0023
2021-09-21,-0.00283781,-0.00208288,0.0000,0.0027,-0.0068,-0.0043,-0.0036
2021-09-22,0.00860279,0.00958387,0.0000,0.0014,0.0061,-0.0052,0.0046
2021-09-23,-0.00076797,-0.00622080,0.0000,0.0046,0.0092,-0.0101,0.0022
2021-09-24,-0.00909874,-0.00128000,0.0000,-0.0040,0.0071,0.0057,0.0023
2021-09-27,-0.01143104,-0.00737942,0.0000,0.0171,0.0244,-0.0024,0.0078
2021-09-28,0.00896351,0.00533376,0.0000,-0.0001,0.0176,0.0083,0.0107
2021-09-29,-0.01809927,-0.01206968,0.0000,-0.0020,0.0081,0.0115,0.0034
2021-09-30,-0.00819538,-0.00629313,0.0000,0.0007,-0.0077,-0.0124,-0.0037
2021-10-01,-0.01316299,-0.01090383,0.0000,0.0048,0.0051,-0.0009,0.0055
2021-10-04,0.00822627,0.00487309,0.0000,0.0040,0.0235,0.0069,0.0110
2021-10-05,-0.01537536,-0.00703391,0.0000,-0.0058,-0.0007,-0.0009,-0.0034
2021-10-06,-0.00645439,-0.00726003,0.0000,-0.0100,-0.0050,0.0033,-0.0068
2021-10-07,-0.01507988,-0.00561186,0.0000,0.0045,-0.0018,-0.0007,0.0004
2021-10-08,-0.01158263,-0.01045294,0.0000,-0.0046,0.0113,0.0009,0.0059
2021-10-11,0.01553985,0.00932301,0.0000,0.0023,-0.0028,-0.0004,0.0028
2021-10-12,-0.01059719,-0.01120974,0.0000,0.0055,-0.0043,-0.0088,-0.0028
2021-10-13,-0.00716436,-0.00510349,0.0000,-0.0009,-0.0105,-0.0049,-0.0079
2021-10-14,-0.00866130,0.00195088,0.0000,-0.0037,-0.0028,0.0000,-0.0012
2021-10-15,-0.00652079,-0.00540970,0.0000,-0.0113,0.0028,0.0037,-0.0008
2021-10-18,0.00841625,0.00426663,0.0000,-0.0041,-0.0001,0.0057,-0.0008
2021-10-19,-0.01219695,-0.00908190,0.0000,-0.0048,-0.0024,-0.0017,0.0010
2021-10-20,0.00281571,0.00641799,0.0000,0.0023,0.0120,0.0028,0.0055
2021-10-21,-0.01425649,-0.01589035,0.0000,0.0003,-0.0099,0.0031,-0.0061
2021-10-22,-0.01261279,0.00340543,0.0000,0.0002,0.0102,0.0043,0.0047
2021-10-25,-0.00427933,-0.00603755,0.0000,0.0036,-0.0013,-0.0041,-0.0037
2021-10-26,-0.00979306,-0.01135793,0.0000,-0.0078,-0.0030,-0.0038,-0.0015
2021-10-27,-0.00846538,-0.00717635,0.0000,-0.0094,-0.0120,0.0086,-0.0063
2021-10-28,0.00749926,0.00376535,0.0000,0.0083,-0.0050,-0.0027,-0.0017
2021-10-29,0.00600988,0.00324547,0.0000,0.0013,-0.0083,0.0056,-0.0083
2021-11-01,-0.00184976,0.00194658,0.0000,0.0205,0.0044,-0.0113,0.0007
2021-11-02,-0.00407132,0.00140125,0.0000,-0.0033,-0.0055,0.0042,0.0016
2021-11-03,-0.01762895,-0.01548732,0.0000,0.0144,-0.0016,0.0021,-0.0043
2021-11-04,0.01073263,0.00468279,0.0000,-0.0029,-0.0138,0.0066,-0.0074
2021-11-05,0.00310085,0.00360287,0.0000,0.0079,0.0122,0.0005,0.0136
2021-11-08,0.00929336,-0.00240719,0.0000,0.0002,0.0010,-0.0053,-0.0012
2021-11-09,0.00114522,-0.00051895,0.0000,-0.0013,0.0046,0.0059,0.0029
2021-11-10,-0.00454813,-0.00594366,0.0000,-0.0030,0.0095,0.0137,0.0002
2021-11-11,0.00139267,-0.00197081,0.0000,0.0062,0.0034,0.0014,0.0010
2021-11-12,0.00994158,0.00726895,0.0000,-0.0046,-0.0091,0.0037,-0.0029
2021-11-15,0.00355574,0.00200503,0.0000,-0.0045,0.0070,0.0053,0.0050
2021-11-16,-0.01079696,-0.00552150,0.0000,-0.0016,-0.0068,0.0017,-0.0065
2021-11-17,0.00010924,0.00315116,0.0000,-0.0065,-0.0026,0.0081,0.0018
2021-11-18,-0.02278662,-0.01213781,0.0000,-0.0075,-0.0006,0.0125,-0.0011
2021-11-19,0.01282947,0.00453623,0.0000,-0.0041,-0.0131,0.0103,-0.0064
2021-11-22,-0.00053292,-0.00062773,0.0000,0.0007,0.0278,0.0125,0.0163
2021-11-23,-0.00386000,-0.00399981,0.0000,-0.0019,0.0177,0.0024,0.0115
2021-11-24,-0.01191730,-0.01130530,0.0000,-0.0014,-0.0087,-0.0054,-0.0025
2021-11-26,0.00658396,0.00789479,0.0000,-0.0128,-0.0095,0.0026,-0.0061
2021-11-29,-0.01831945,-0.00895208,0.0000,-0.0131,-0.0078,0.0038,-0.0031
2021-11-30,0.00273668,0.00240627,0.0000,0.0018,-0.0113,-0.0009,0.0039
2021-12-01,0.00206830,0.00134031,0.0000,-0.0044,0.0109,0.0233,0.0078
2021-12-02,-0.00808672,0.00046746,0.0000,0.0100,0.0124,-0.0066,0.0004
2021-12-03,-0.00237345,0.00175777,0.0000,-0.0087,0.0108,0.0176,0.0107
2021-12-06,0.00509538,0.00979854,0.0000,0.0084,0.0063,0.0009,0.0062
2021-12-07,0.01068674,0.00684433,0.0000,-0.0017,-0.0178,-0.0144,-0.0047
2021-12-08,0.00570983,0.00301600,0.0000,0.0035,-0.0085,-0.0097,0.0019
2021-12-09,0.00137353,0.00143396,0.0000,-0.0105,0.0155,0.0144,0.0100
2021-12-10,-0.00946122,-0.01015901,0.0000,-0.0087,0.0052,0.0138,0.0077
2021-12-13,-0.01058368,-0.01245827,0.0000,-0.0029,-0.0099,0.0031,-0.0030
2021-12-14,0.01160438,0.00387678,0.0000,-0.0035,0.0165,0.0041,0.0018
2021-12-15,0.01299392,0.00885099,0.0000,0.0001,-0.0191,0.0005,-0.0035
2021-12-16,-0.01066330,0.00045375,0.0000,-0.0085,0.0280,0.0062,0.0067
2021-12-17,0.01620079,0.01066203,0.0000,0.0147,-0.0234,-0.0170,-0.0037
2021-12-20,0.03011910,0.02512209,0.0000,-0.0021,-0.0041,0.0003,0.0017
2021-12-21,-0.00233642,-0.00115906,0.0000,0.0066,0.0019,-0.0109,-0.0024
2021-12-22,-0.02711402,-0.01837817,0.0000,0.0018,-0.0035,0.0034,0.0005
2021-12-23,-0.00186669,0.00206250,0.0000,0.0028,-0.0049,-0.0037,-0.0041
2021-12-27,-0.00820390,-0.00559653,0.0000,-0.0013,0.0031,0.0098,0.0045
2021-12-28,0.01368894,0.00576798,0.0000,-0.0041,0.0082,0.0084,0.0023
2021-12-29,-0.00157983,-0.00374266,0.0000,-0.0002,0.0017,0.0071,0.0000
2021-12-30,0.01458380,0.01649683,0.0000,0.0007,-0.0041,-0.0083,-0.0044
2021-12-31,-0.00250949,-0.00327744,0.0000,0.0017,0.0052,0.0035,0.0045
2022-01-03,0.00369937,0.01100954,0.0000,0.0044,0.0077,-0.0117,0.0053
2022-01-04,-0.00061246,0.00481085,0.0000,-0.0006,0.0364,0.0064,0.0156
2022-01-05,-0.01946291,-0.00650321,0.0000,-0.0093,0.0258,0.0141,0.0129
2022-01-06,-0.01384075,-0.00459384,0.0000,0.0038,0.0176,-0.0056,0.0001
2022-01-07,0.00561192,0.00589487,0.0000,-0.0096,0.0202,-0.0013,0.0085
2022-01-10,-0.00558045,0.00003302,0.0000,-0.0031,-0.0026,-0.0006,-0.0036
2022-01-11,0.00366213,0.00877543,0.0000,-0.0020,-0.0027,-0.0124,0.0035
2022-01-12,-0.00444088,-0.00476282,0.0000,-0.0085,0.0052,0.0076,0.0029
2022-01-13,-0.00364917,-0.00443457,0.0000,0.0088,0.0239,0.0118,0.0104
2022-01-14,-0.00202746,-0.00103618,0.0000,0.0005,0.0055,-0.0085,0.0052
2022-01-18,-0.00974743,-0.00831507,0.0000,-0.0090,0.0138,0.0079,0.0098
2022-01-19,-0.02419081,-0.01881000,0.0000,-0.0036,-0.0067,0.0025,0.0009
2022-01-20,0.00102695,0.00339007,0.0000,-0.0084,-0.0023,-0.0031,0.0009
2022-01-21,0.00066850,-0.00504352,0.0000,0.0039,0.0047,0.0103,0.0054
2022-01-24,0.01780787,0.01384389,0.0000,0.0175,-0.0025,-0.0006,-0.0067
2022-01-25,-0.00346925,0.00193601,0.0000,-0.0018,0.0280,-0.0079,0.0162
2022-01-26,-0.00081582,-0.00086170,0.0000,-0.0106,0.0010,0.0042,-0.0002
2022-01-27,-0.00839782,0.00069168,0.0000,-0.0146,0.0083,0.0105,0.0092
2022-01-28,0.00444260,-0.00604462,0.0000,-0.0062,-0.0208,0.0016,0.0016
2022-01-31,0.00999768,0.00533877,0.0000,0.0070,-0.0287,-0.0182,-0.0167
2022-02-01,-0.00286752,0.00056183,0.0000,0.0012,0.0065,-0.0110,0.0033
2022-02-02,0.00822939,0.00755189,0.0000,-0.0158,0.0070,0.0150,0.0050
2022-02-03,0.01332081,0.01307267,0.0000,0.0046,0.0219,0.0043,0.0136
2022-02-04,-0.00770615,-0.00347624,0.0000,-0.0030,-0.0060,-0.0173,-0.0120
2022-02-07,-0.00111147,-0.00013110,0.0000,0.0067,0.0020,-0.0070,-0.0001
2022-02-08,-0.00048474,0.00840186,0.0000,0.0073,-0.0029,0.0093,-0.0042
2022-02-09,0.00646858,0.00126385,0.0000,0.0002,-0.0196,-0.0110,-0.0026
2022-02-10,0.00057473,-0.00300411,0.0000,0.0002,0.0123,-0.0056,0.0027
2022-02-11,0.00996713,0.00452390,0.0000,0.0092,0.0213,-0.0020,0.0143
2022-02-14,-0.00286860,-0.00100177,0.0000,0.0008,-0.0062,0.0069,-0.0018
2022-02-15,-0.00085586,-0.00340145,0.0000,0.0102,-0.0140,-0.0068,-0.0081
2022-02-16,0.00298980,0.00173068,0.0000,0.0004,0.0032,0.0061,0.0042
2022-02-17,-0.00549984,-0.00284871,0.0000,-0.0005,0.0115,0.0088,0.0147
2022-02-18,-0.00993753,-0.01024515,0.0000,0.0012,0.0095,0.0107,0.0044
2022-02-22,-0.00259050,-0.00208729,0.0000,-0.0036,0.0009,-0.0004,0.0016
2022-02-23,-0.01005345,-0.00958832,0.0000,0.0006,0.0125,0.0002,0.0107
2022-02-24,0.00890787,0.00629133,0.0000,0.0069,-0.0388,-0.0179,-0.0180
2022-02-25,-0.02627604,-0.02453819,0.0000,-0.0014,0.0119,0.0036,-0.0019
2022-02-28,0.00730111,0.00635352,0.0000,0.0039,-0.0046,-0.0080,0.0025
2022-03-01,0.01807337,0.01280532,0.0000,-0.0028,-0.0085,-0.0041,0.0053
2022-03-02,-0.01196865,-0.00251855,0.0000,0.0063,0.0130,0.0052,0.0047
2022-03-03,-0.00043080,0.00429514,0.0000,-0.0022,0.0151,0.0125,0.0125
2022-03-04,-0.00108962,0.00581694,0.0000,-0.0052,0.0072,0.0037,0.0123
2022-03-07,-0.00015610,0.00092816,0.0000,0.0073,0.0089,-0.0069,0.0135
2022-03-08,0.00456086,0.00276243,0.0000,0.0100,0.0030,-0.0112,-0.0024
2022-03-09,0.01536159,0.01202816,0.0000,0.0001,-0.0217,-0.0041,-0.0158
2022-03-10,-0.01303975,-0.00439106,0.0000,0.0030,0.0118,-0.0032,0.0034
2022-03-11,-0.00192968,0.00065690,0.0000,-0.0012,0.0176,0.0097,0.0064
2022-03-14,0.00039085,0.00423887,0.0000,-0.0084,0.0179,0.0219,0.0010
2022-03-15,-0.01470037,-0.01406488,0.0000,-0.0049,-0.0237,0.0077,-0.0099
2022-03-16,-0.00587181,-0.00978332,0.0000,0.0044,-0.0185,-0.0116,-0.0158
2022-03-17,-0.01707973,-0.00606157,0.0000,0.0016,-0.0106,-0.0161,-0.0020
2022-03-18,0.01593224,0.01091632,0.0000,-0.0019,-0.0187,-0.0055,-0.0084
2022-03-21,-0.01228510,-0.00634391,0.0000,-0.0094,0.0164,-0.0019,0.0155
2022-03-22,0.00810785,0.00831497,0.0000,-0.0022,-0.0119,-0.0082,-0.0103
2022-03-23,-0.00782905,0.00181115,0.0000,-0.0062,0.0040,-0.0051,0.0152
2022-03-24,0.00089698,0.00235897,0.0000,-0.0032,-0.0082,-0.0048,-0.0013
2022-03-25,-0.00370010,0.00359076,0.0000,-0.0030,0.0219,0.0020,0.0137
2022-03-28,-0.00799945,-0.00674448,0.0000,-0.0087,-0.0172,0.0050,-0.0124
2022-03-29,-0.00238700,-0.00707915,0.0000,0.0119,-0.0192,-0.0032,-0.0099
2022-03-30,0.00309958,-0.00088299,0.0000,-0.0112,0.0040,0.0037,0.0092
2022-03-31,0.00191555,-0.00312867,0.0000,0.0062,-0.0045,-0.0022,0.0040
2022-04-01,-0.00124941,0.00151733,0.0000,0.0058,-0.0061,-0.0092,0.0005
2022-04-04,0.00419011,0.00162636,0.0000,-0.0055,-0.0186,-0.0077,-0.0070
2022-04-05,0.00292237,0.00284548,0.0000,-0.0072,0.0082,0.0069,0.0015
2022-04-06,-0.00772021,-0.00448378,0.0000,-0.0030,0.0108,0.0023,0.0088
2022-04-07,0.00832092,0.00758407,0.0000,-0.0061,-0.0012,0.0037,0.0030
2022-04-08,0.00302896,0.00301101,0.0000,-0.0053,0.0227,0.0037,0.0104
2022-04-11,-0.00261619,-0.00099563,0.0000,0.0062,0.0105,0.0046,0.0010
2022-04-12,0.01354778,0.00558101,0.0000,0.0056,0.0047,-0.0024,0.0107
2022-04-13,0.00420163,0.00406251,0.0000,0.0061,-0.0071,-0.0100,0.0000
2022-04-14,0.00991458,0.00893120,0.0000,0.0032,0.0143,0.0017,0.0098
2022-04-18,-0.00270668,0.00346313,0.0000,-0.0057,0.0180,0.0077,0.0067
2022-04-19,-0.01767524,-0.01117442,0.0000,0.0040,-0.0097,0.0054,-0.0126
2022-04-20,0.01505722,0.01078382,0.0000,0.0050,0.0126,0.0077,0.0118
2022-04-21,-0.00110104,0.00226102,0.0000,-0.0056,0.0041,0.0179,0.0044
2022-04-22,-0.00393278,-0.00407544,0.0000,0.0026,-0.0018,-0.0015,-0.0021
2022-04-25,-0.00688557,-0.00469954,0.0000,0.0012,-0.0186,0.0011,-0.0111
2022-04-26,-0.01157936,-0.00806311,0.0000,-0.0036,0.0180,0.0024,0.0125
2022-04-27,-0.00648273,-0.00997574,0.0000,-0.0056,0.0034,0.0014,0.0080
2022-04-28,0.01142319,0.00578809,0.0000,-0.0052,-0.0042,0.0048,0.0005
2022-04-29,0.00457726,0.00663290,0.0000,0.0088,0.0061,-0.0024,0.0068
2022-05-02,0.01840882,0.00761322,0.0000,0.0038,-0.0116,-0.0063,-0.0135
2022-05-03,0.01711567,0.01696047,0.0000,0.0016,0.0165,0.0001,0.0119
2022-05-04,-0.00133563,0.00165724,0.0000,-0.0047,0.0024,0.0002,0.0007
2022-05-05,0.01167903,0.01288969,0.0000,-0.0023,0.0237,0.0059,0.0122
2022-05-06,-0.00953081,-0.00223096,0.0000,-0.0101,0.0184,0.0098,0.0139
2022-05-09,0.00853396,-0.00497500,0.0000,-0.0005,0.0133,0.0425,-0.0020
2022-05-10,0.00980608,0.00941795,0.0000,-0.0049,-0.0122,-0.0068,0.0028
2022-05-11,-0.02270893,-0.01178779,0.0000,-0.0061,0.0261,0.0062,0.0102
2022-05-12,0.00423928,0.00821271,0.0000,0.0120,-0.0123,-0.0034,-0.0112
2022-05-13,0.00841540,0.00110924,0.0000,0.0037,-0.0218,-0.0213,-0.0075
2022-05-16,-0.00768931,0.00089120,0.0000,0.0009,0.0131,0.0019,0.0131
2022-05-17,0.03080036,0.02382458,0.0000,0.0094,-0.0005,-0.0068,-0.0031
2022-05-18,0.01456728,0.01853969,0.0000,0.0046,0.0154,-0.0059,0.0040
2022-05-19,0.00117438,0.00105579,0.0000,0.0040,-0.0080,-0.0121,-0.0091
2022-05-20,0.00017866,-0.00742073,0.0000,-0.0013,-0.0019,-0.0010,0.0019
2022-05-23,-0.01471303,-0.00488949,0.0000,-0.0092,0.0131,-0.0005,0.0097
2022-05-24,0.01239358,0.00810774,0.0000,-0.0046,0.0183,0.0139,0.0125
2022-05-25,-0.00156396,0.00072362,0.0000,0.0074,0.0020,-0.0051,-0.0003
2022-05-26,0.01945457,0.00840841,0.0000,0.0001,-0.0061,-0.0014,-0.0034
2022-05-27,-0.02528292,-0.01599064,0.0000,0.0003,-0.0128,-0.0065,-0.0028
2022-05-31,-0.00000638,0.00316423,0.0000,-0.0039,0.0046,0.0080,-0.0021
2022-06-01,-0.02826048,-0.01959407,0.0000,0.0023,0.0080,-0.0020,0.0103
2022-06-02,0.02223792,0.01346889,0.0000,0.0040,-0.0208,-0.0042,-0.0153
2022-06-03,0.01752749,0.01326321,0.0000,0.0103,0.0055,-0.0081,0.0046
2022-06-06,0.02067675,0.00897842,0.0000,0.0004,0.0066,0.0047,0.0017
2022-06-07,-0.01689351,-0.01169959,0.0000,0.0020,-0.0015,-0.0157,0.0065
2022-06-08,0.00532847,0.00536669,0.0000,-0.0027,-0.0052,-0.0070,-0.0025
2022-06-09,0.00194816,-0.00180312,0.0000,0.0046,0.0026,0.0085,0.0021
2022-06-10,-0.01785633,-0.01749134,0.0000,0.0027,0.0066,0.0029,0.0055
2022-06-13,0.00042593,-0.00816722,0.0000,-0.0046,0.0060,0.0169,-0.0031
2022-06-14,0.01734500,0.00681513,0.0000,0.0011,0.0011,0.0011,0.0005
2022-06-15,0.00772621,0.00501751,0.0000,-0.0003,-0.0167,-0.0019,-0.0115
2022-06-16,0.00347816,0.00375585,0.0000,-0.0109,0.0000,0.0059,-0.0062
2022-06-17,-0.02860191,-0.02857458,0.0000,0.0073,-0.0268,0.0037,-0.0203
2022-06-21,0.00009123,0.00051707,0.0000,-0.0083,0.0024,-0.0093,0.0000
2022-06-22,0.00365824,0.00413448,0.0000,0.0004,-0.0182,0.0062,-0.0159
2022-06-23,0.02704451,0.02021003,0.0000,0.0031,-0.0389,0.0050,-0.0193
2022-06-24,-0.02941656,-0.01702536,0.0000,-0.0042,-0.0001,0.0011,-0.0037
2022-06-27,0.00977485,0.01134889,0.0000,0.0077,0.0125,-0.0033,0.0127
2022-06-28,-0.01432515,-0.00453326,0.0000,0.0004,0.0240,-0.0069,0.0133
2022-06-29,-0.00955626,-0.00913495,0.0000,-0.0058,-0.0133,0.0108,-0.0087
2022-06-30,0.00280332,-0.00077403,0.0000,0.0051,-0.0014,0.0090,-0.0015
2022-07-01,-0.01567760,-0.00973635,0.0000,-0.0004,0.0012,-0.0081,-0.0009
2022-07-05,0.01334736,0.00342796,0.0000,0.0112,-0.0334,-0.0184,-0.0226
2022-07-06,-0.00268594,0.00202458,0.0000,-0.0087,-0.0076,0.0004,-0.0035
2022-07-07,-0.00596588,-0.00860015,0.0000,0.0087,-0.0095,-0.0079,-0.0140
2022-07-08,0.01602811,0.00682236,0.0000,0.0008,-0.0008,-0.0026,-0.0022
2022-07-11,-0.02844656,-0.01780401,0.0000,-0.0099,0.0161,0.0170,0.0140
2022-07-12,0.02104106,0.01619226,0.0000,0.0088,0.0052,0.0015,0.0092
2022-07-13,-0.00005005,0.00349480,0.0000,0.0042,-0.0041,0.0003,-0.0033
2022-07-14,-0.00722689,-0.00199330,0.0000,-0.0045,-0.0101,0.0076,-0.0001
2022-07-15,-0.00040939,-0.00048096,0.0000,0.0003,0.0050,-0.0017,-0.0031
2022-07-18,0.01199907,0.01610472,0.0000,0.0035,0.0101,0.0021,-0.0018
2022-07-19,-0.01198259,-0.00959697,0.0000,0.0082,-0.0054,-0.0022,-0.0066
2022-07-20,-0.00137404,0.00462628,0.0000,0.0108,-0.0132,-0.0146,-0.0159
2022-07-21,0.00486458,0.00288793,0.0000,-0.0038,-0.0161,-0.0026,-0.0100
2022-07-22,-0.01173538,-0.01126721,0.0000,-0.0084,0.0139,0.0176,0.0152
2022-07-25,0.00669073,-0.00533382,0.0000,0.0010,0.0165,0.0064,0.0054
2022-07-26,-0.00017334,-0.00130003,0.0000,0.0037,0.0107,0.0065,0.0123
2022-07-27,-0.00471166,-0.00064572,0.0000,0.0015,-0.0127,-0.0019,-0.0150
2022-07-28,0.00928747,0.00735031,0.0000,-0.0003,-0.0091,0.0013,-0.0096
2022-07-29,0.01000041,0.01218164,0.0000,-0.0091,0.0045,0.0049,-0.0123
2022-08-01,0.01147724,0.01820278,0.0001,0.0017,-0.0024,0.0023,0.0036
2022-08-02,-0.00774667,0.00213872,0.0001,0.0056,-0.0141,-0.0223,-0.0052
2022-08-03,-0.00613538,-0.00701084,0.0001,0.0027,-0.0195,-0.0154,-0.0085
2022-08-04,0.01432158,0.00582539,0.0001,0.0041,-0.0165,-0.0130,-0.0094
2022-08-05,0.00822523,0.00790215,0.0001,0.0095,-0.0005,-0.0126,-0.0021
2022-08-08,-0.00361148,-0.00534104,0.0001,0.0096,-0.0009,-0.0054,0.0022
2022-08-09,-0.00115172,0.00343307,0.0001,-0.0135,0.0210,0.0086,0.0129
2022-08-10,-0.00063727,-0.00014984,0.0001,0.0074,-0.0162,-0.0137,-0.0145
2022-08-11,-0.00688276,-0.00469084,0.0001,0.0021,0.0167,0.0077,0.0100
2022-08-12,0.02990730,0.01842180,0.0001,0.0050,-0.0079,-0.0064,-0.0059
2022-08-15,0.01118719,0.00243127,0.0001,-0.0002,-0.0061,-0.0019,-0.0005
2022-08-16,0.00208373,0.00101445,0.0001,-0.0014,0.0070,0.0104,0.0052
2022-08-17,-0.00282988,-0.00320315,0.0001,-0.0092,0.0104,0.0128,0.0071
2022-08-18,-0.00171601,-0.00442562,0.0001,0.0035,0.0045,0.0079,0.0004
2022-08-19,-0.00332745,-0.00094674,0.0001,-0.0093,0.0098,0.0103,0.0135
2022-08-22,-0.01568131,-0.00467143,0.0001,-0.0005,0.0034,0.0015,0.0021
2022-08-23,-0.01239805,-0.00830778,0.0001,0.0011,0.0031,-0.0036,-0.0025
2022-08-24,0.01225533,0.00468763,0.0001,0.0052,-0.0062,-0.0144,-0.0056
2022-08-25,0.01265296,0.00947189,0.0001,0.0012,-0.0001,0.0018,-0.0039
2022-08-26,0.01822762,0.01580306,0.0001,-0.0027,0.0166,0.0016,0.0089
2022-08-29,-0.01765296,-0.00834842,0.0001,-0.0040,0.0044,0.0027,0.0044
2022-08-30,0.01536612,0.01326178,0.0001,-0.0039,-0.0022,-0.0025,0.0012
2022-08-31,-0.01605423,-0.01572567,0.0001,0.0023,-0.0046,-0.0065,-0.0018
2022-09-01,-0.00409090,0.00177374,0.0001,-0.0104,-0.0028,0.0056,0.0055
2022-09-02,0.00120212,0.00648828,0.0001,0.0010,0.0103,-0.0006,0.0026
2022-09-06,0.00672899,0.00590435,0.0001,-0.0054,-0.0054,-0.0020,-0.0069
2022-09-07,-0.00179312,0.00304153,0.0001,0.0041,-0.0153,-0.0135,-0.0054
2022-09-08,0.02415648,0.01560435,0.0001,-0.0015,-0.0018,-0.0122,-0.0106
2022-09-09,-0.00222553,0.00028772,0.0001,0.0037,-0.0051,-0.0014,-0.0052
2022-09-12,-0.00168612,0.00138398,0.0001,0.0025,-0.0017,-0.0012,-0.0015
2022-09-13,-0.00497649,-0.00658763,0.0001,0.0006,0.0141,-0.0036,0.0100
2022-09-14,-0.02987549,-0.02388252,0.0001,-0.0018,-0.0032,-0.0077,-0.0052
2022-09-15,-0.00413707,-0.00511943,0.0001,0.0039,0.0061,-0.0031,0.0025
2022-09-16,0.00549261,0.00785483,0.0001,-0.0075,0.0086,0.0171,0.0095
2022-09-19,0.00050156,-0.00111136,0.0001,-0.0009,0.0068,0.0063,-0.0006
2022-09-20,0.02661679,0.01591814,0.0001,-0.0029,0.0003,-0.0011,0.0033
2022-09-21,0.01027827,0.00843597,0.0001,0.0034,0.0006,0.0038,0.0012
2022-09-22,0.00220901,0.00132676,0.0001,-0.0113,0.0044,0.0114,0.0102
2022-09-23,-0.01035468,-0.00712634,0.0001,-0.0046,-0.0080,0.0019,-0.0018
2022-09-26,-0.00285200,0.00366696,0.0001,-0.0004,-0.0075,0.0017,-0.0044
2022-09-27,-0.00643461,-0.00200732,0.0001,0.0058,-0.0097,-0.0065,-0.0092
2022-09-28,-0.00477489,0.00359949,0.0001,0.0090,-0.0036,-0.0087,-0.0082
2022-09-29,-0.01280409,-0.00744755,0.0001,-0.0029,0.0092,0.0043,0.0055
2022-09-30,0.02282828,0.01700779,0.0001,0.0057,0.0027,-0.0066,-0.0012
2022-10-03,-0.01061029,-0.00669668,0.0001,0.0000,0.0070,0.0089,0.0043
2022-10-04,-0.00084485,-0.00641339,0.0001,0.0074,-0.0009,-0.0097,-0.0039
2022-10-05,0.00423466,0.00361359,0.0001,-0.0037,0.0004,0.0035,0.0014
2022-10-06,-0.00639616,-0.00717482,0.0001,0.0045,0.0012,-0.0012,-0.0051
2022-10-07,-0.00945855,-0.00701828,0.0001,-0.0022,0.0168,0.0093,0.0157
2022-10-10,0.00101191,0.00214622,0.0001,0.0024,0.0076,0.0154,0.0044
2022-10-11,-0.00295877,-0.00584026,0.0001,0.0062,0.0033,0.0057,0.0061
2022-10-12,0.02501807,0.01616618,0.0001,0.0002,0.0004,0.0001,0.0003
2022-10-13,0.01202465,0.00919651,0.0001,-0.0024,0.0157,0.0065,0.0093
2022-10-14,-0.02119160,-0.00931236,0.0001,-0.0018,0.0123,0.0055,0.0173
2022-10-17,0.01077272,0.00798194,0.0001,0.0035,-0.0141,-0.0098,-0.0129
2022-10-18,0.00894666,0.00399658,0.0001,-0.0013,-0.0002,-0.0042,0.0002
2022-10-19,0.01002061,0.00973582,0.0001,-0.0118,0.0119,0.0071,0.0081
2022-10-20,-0.01571243,-0.01352481,0.0001,-0.0032,-0.0045,-0.0061,0.0013
2022-10-21,-0.00613909,-0.00320785,0.0001,-0.0007,0.0009,0.0068,-0.0030
2022-10-24,0.02058655,0.01320125,0.0001,-0.0061,0.0047,0.0114,0.0054
2022-10-25,-0.01567640,-0.01547864,0.0001,0.0101,-0.0153,-0.0123,-0.0134
2022-10-26,-0.01762885,-0.01476288,0.0001,0.0070,0.0089,-0.0072,0.0069
2022-10-27,-0.01390669,-0.01162936,0.0001,0.0044,0.0108,-0.0030,0.0047
2022-10-28,0.00797171,0.00622099,0.0001,0.0009,-0.0034,0.0040,0.0066
2022-10-31,0.00016602,0.00831520,0.0001,0.0045,0.0073,-0.0021,0.0044
2022-11-01,0.00359571,-0.00234669,0.0001,0.0045,0.0080,0.0001,0.0053
2022-11-02,-0.01623938,-0.00309455,0.0001,-0.0084,0.0160,0.0031,0.0116
2022-11-03,0.00441363,0.00142700,0.0001,0.0039,0.0028,-0.0004,0.0004
2022-11-04,-0.01434174,-0.00958518,0.0001,-0.0025,0.0128,0.0233,0.0065
2022-11-07,-0.01748177,-0.01478891,0.0001,-0.0033,0.0060,0.0110,0.0101
2022-11-08,0.00181940,0.00066659,0.0001,-0.0053,-0.0040,-0.0016,0.0005
2022-11-09,-0.00362702,0.00572391,0.0001,-0.0049,0.0055,0.0095,0.0123
2022-11-10,0.04441207,0.02473135,0.0001,0.0096,-0.0309,-0.0065,-0.0292
2022-11-11,-0.00207989,-0.00129438,0.0001,0.0014,-0.0105,-0.0090,-0.0122
2022-11-14,0.02429534,0.01605213,0.0001,-0.0023,0.0035,0.0057,0.0054
2022-11-15,0.02143948,0.00391954,0.0001,0.0044,-0.0073,-0.0050,-0.0054
2022-11-16,0.02172876,0.01798798,0.0001,-0.0107,0.0058,0.0116,0.0095
2022-11-17,-0.01591178,-0.00845949,0.0001,-0.0027,0.0056,0.0136,0.0081
2022-11-18,-0.00055895,0.00449267,0.0001,-0.0009,0.0011,0.0038,0.0071
2022-11-21,0.01196834,0.01052680,0.0001,-0.0020,0.0099,0.0050,0.0114
2022-11-22,0.01363005,0.00978094,0.0001,-0.0038,0.0044,0.0078,-0.0023
2022-11-23,0.00645724,-0.00127789,0.0001,-0.0025,-0.0093,-0.0074,-0.0062
2022-11-25,-0.00363451,-0.00494035,0.0001,0.0028,0.0043,-0.0018,0.0012
2022-11-28,-0.00184124,0.01008611,0.0001,-0.0049,-0.0019,0.0027,0.0029
2022-11-29,-0.00157181,0.00250335,0.0001,0.0035,0.0104,0.0021,0.0050
2022-11-30,-0.00952809,-0.00801679,0.0001,-0.0015,-0.0208,-0.0077,-0.0147
2022-12-01,-0.02292888,-0.01676148,0.0002,0.0004,-0.0069,-0.0034,-0.0036
2022-12-02,0.01331385,0.00594036,0.0002,0.0084,-0.0056,-0.0041,0.0026
2022-12-05,-0.00142184,-0.00264693,0.0002,-0.0053,-0.0054,0.0087,0.0110
2022-12-06,0.00363682,-0.00223352,0.0002,-0.0004,0.0114,0.0086,0.0077
2022-12-07,-0.00134809,-0.00319755,0.0002,-0.0018,-0.0032,0.0010,-0.0016
2022-12-08,0.00700355,0.00659928,0.0002,-0.0010,-0.0120,-0.0056,-0.0063
2022-12-09,0.02345735,0.01617467,0.0002,-0.0053,0.0034,0.0019,0.0013
2022-12-12,-0.00890953,-0.00586753,0.0002,-0.0027,-0.0016,-0.0023,-0.0013
2022-12-13,0.01180077,0.00924509,0.0002,0.0007,-0.0077,-0.0027,-0.0054
2022-12-14,0.01178166,0.00613135,0.0002,0.0003,-0.0045,-0.0019,-0.0007
2022-12-15,-0.02678178,-0.01220709,0.0002,-0.0013,0.0139,0.0025,0.0042
2022-12-16,0.00504538,-0.00202784,0.0002,0.0053,0.0017,-0.0007,0.0046
2022-12-19,-0.02599545,-0.02155013,0.0002,-0.0060,0.0125,0.0073,0.0120
2022-12-20,0.01459655,0.00595020,0.0002,0.0025,0.0025,-0.0047,0.0048
2022-12-21,-0.01958399,-0.00865387,0.0002,0.0014,-0.0012,0.0039,-0.0028
2022-12-22,-0.02170065,-0.01779511,0.0002,0.0022,0.0038,-0.0013,0.0089
2022-12-23,-0.01443592,-0.01404348,0.0002,-0.0035,0.0116,0.0086,0.0053
2022-12-27,0.00085359,-0.00593228,0.0002,-0.0042,0.0142,0.0115,0.0135
2022-12-28,0.00500161,0.00471295,0.0002,-0.0030,-0.0028,-0.0093,-0.0008
2022-12-29,0.01489931,0.00780037,0.0002,0.0102,-0.0106,-0.0103,-0.0090
2022-12-30,0.00096380,0.00676822,0.0002,0.0014,-0.0004,-0.0054,-0.0002
2023-01-03,-0.01382466,-0.00973209,0.0002,0.0007,-0.0010,0.0028,0.0053
2023-01-04,-0.01193488,-0.00362331,0.0002,0.0056,0.0005,-0.0069,0.0000
2023-01-05,-0.01566159,-0.00546600,0.0002,0.0017,0.0120,0.0081,0.0090
2023-01-06,-0.00530316,-0.00050086,0.0002,-0.0001,0.0003,0.0083,0.0018
2023-01-09,-0.00905878,-0.00659155,0.0002,0.0033,-0.0123,-0.0065,-0.0116
2023-01-10,0.00456445,0.00096920,0.0002,0.0087,-0.0056,-0.0040,-0.0050
2023-01-11,0.01028289,0.00129880,0.0002,0.0001,-0.0083,-0.0019,-0.0107
2023-01-12,0.01148068,0.00270622,0.0002,0.0140,-0.0027,-0.0110,-0.0051
2023-01-13,0.00484187,0.00295028,0.0002,0.0024,-0.0030,-0.0014,-0.0029
2023-01-17,-0.01521857,-0.01347176,0.0002,-0.0001,-0.0055,-0.0061,-0.0043
2023-01-18,0.00497693,0.00132759,0.0002,0.0002,-0.0071,0.0027,0.0002
2023-01-19,-0.00158289,-0.00162742,0.0002,-0.0010,0.0084,0.0054,0.0070
2023-01-20,0.00022982,-0.00528089,0.0002,-0.0004,-0.0068,-0.0017,-0.0080
2023-01-23,0.00477754,0.00226026,0.0002,-0.0004,-0.0099,-0.0041,-0.0104
2023-01-24,-0.00397730,-0.00819816,0.0002,-0.0016,0.0018,-0.0020,0.0038
2023-01-25,-0.01153276,-0.01112925,0.0002,0.0013,0.0069,0.0006,0.0021
2023-01-26,0.01732889,0.01561757,0.0002,-0.0063,0.0001,-0.0020,-0.0047
2023-01-27,0.00964227,0.00364264,0.0002,0.0033,-0.0113,-0.0060,-0.0129
2023-01-30,0.00306286,0.00477519,0.0002,0.0003,0.0074,0.0035,0.0093
2023-01-31,0.02282387,0.01716406,0.0002,0.0093,-0.0006,-0.0011,-0.0055
2023-02-01,0.01971348,0.01203610,0.0002,0.0063,-0.0165,-0.0012,-0.0114
2023-02-02,0.00581538,0.00074909,0.0002,0.0115,-0.0207,-0.0024,-0.0176
2023-02-03,0.01123781,0.00942724,0.0002,0.0040,0.0098,0.0101,0.0105
2023-02-06,-0.00643522,-0.00131093,0.0002,-0.0080,0.0043,-0.0022,0.0045
2023-02-07,0.00258774,-0.00155141,0.0002,-0.0050,-0.0004,0.0030,-0.0036
2023-02-08,0.00404528,-0.00042491,0.0002,-0.0069,0.0071,-0.0028,-0.0004
2023-02-09,-0.01112318,-0.01179472,0.0002,-0.0061,0.0021,0.0031,0.0038
2023-02-10,0.00302540,0.00341752,0.0002,-0.0030,0.0150,0.0054,0.0091
2023-02-13,-0.00855245,-0.00572743,0.0002,0.0009,-0.0073,0.0049,-0.0031
2023-02-14,-0.01094627,-0.00850306,0.0002,-0.0005,-0.0068,-0.0061,-0.0094
2023-02-15,0.01757754,0.01112307,0.0002,0.0072,-0.0091,-0.0119,-0.0106
2023-02-16,0.01068959,0.01368634,0.0002,0.0022,0.0097,0.0081,0.0092
2023-02-17,0.00917965,0.00502952,0.0002,0.0066,-0.0014,0.0015,0.0056
2023-02-21,-0.00010522,-0.00296223,0.0002,-0.0113,0.0088,0.0038,0.0083
2023-02-22,0.01528857,0.00567133,0.0002,0.0044,-0.0046,-0.0035,-0.0043
2023-02-23,-0.01882498,-0.01453251,0.0002,0.0012,-0.0023,0.0020,-0.0049
2023-02-24,0.02419944,0.01163324,0.0002,-0.0025,0.0126,0.0032,0.0042
2023-02-27,-0.00760505,-0.01040438,0.0002,0.0005,-0.0030,0.0007,-0.0045
2023-02-28,-0.00909719,-0.01018169,0.0002,0.0052,-0.0069,-0.0056,-0.0018
2023-03-01,-0.00094632,-0.00804228,0.0002,0.0039,0.0062,0.0015,0.0073
2023-03-02,0.01061692,0.00481495,0.0002,-0.0051,-0.0044,-0.0012,0.0016
2023-03-03,-0.01651940,-0.00849295,0.0002,-0.0008,-0.0054,-0.0037,-0.0077
2023-03-06,-0.02274409,-0.01735840,0.0002,-0.0157,-0.0008,0.0031,-0.0012
2023-03-07,0.00981478,0.01134363,0.0002,0.0063,-0.0067,-0.0013,-0.0012
2023-03-08,-0.01859584,-0.00557750,0.0002,0.0008,-0.0039,0.0042,-0.0015
2023-03-09,0.01304855,0.01014173,0.0002,-0.0070,-0.0076,0.0106,0.0074
2023-03-10,0.01626627,0.02022064,0.0002,-0.0141,0.0072,0.0108,0.0116
2023-03-13,0.00763958,0.01214479,0.0002,-0.0117,-0.0360,-0.0109,-0.0073
2023-03-14,0.00018937,0.00574827,0.0002,0.0001,-0.0036,-0.0015,-0.0046
2023-03-15,0.01939911,0.01057632,0.0002,-0.0050,-0.0184,0.0031,-0.0044
2023-03-16,-0.02058081,-0.01242260,0.0002,0.0001,-0.0016,0.0013,-0.0072
2023-03-17,-0.00690127,-0.00485447,0.0002,-0.0106,-0.0163,0.0027,-0.0024
2023-03-20,-0.00342146,0.00075953,0.0002,-0.0035,0.0078,0.0051,0.0076
2023-03-21,0.01160570,0.00367248,0.0002,0.0047,0.0073,-0.0026,-0.0121
2023-03-22,0.01502948,0.01404006,0.0002,-0.0080,-0.0053,0.0080,0.0023
2023-03-23,0.00124206,0.00535649,0.0002,-0.0043,-0.0154,0.0015,-0.0085
2023-03-24,-0.00611522,-0.00816165,0.0002,0.0018,0.0071,0.0029,0.0038
2023-03-27,0.00773578,-0.00373054,0.0002,0.0050,0.0103,-0.0022,0.0041
2023-03-28,0.00232378,0.00732491,0.0002,-0.0003,0.0075,0.0011,0.0047
2023-03-29,0.00646375,0.01118859,0.0002,-0.0036,-0.0054,-0.0092,-0.0057
2023-03-30,-0.00937573,-0.00498906,0.0002,-0.0062,-0.0060,0.0020,-0.0007
2023-03-31,0.01308969,0.00159238,0.0002,0.0049,-0.0076,-0.0048,-0.0082
2023-04-03,-0.00686092,-0.00155150,0.0002,-0.0017,0.0079,0.0055,0.0071
2023-04-04,-0.00943489,-0.00278051,0.0002,-0.0113,-0.0072,-0.0005,-0.0001
2023-04-05,0.02010540,0.01703433,0.0002,-0.0100,0.0140,0.0079,0.0129
2023-04-06,0.01570416,0.01451227,0.0002,-0.0002,-0.0051,-0.0044,-0.0016
2023-04-10,0.00847463,-0.00244184,0.0002,0.0085,0.0026,-0.0002,-0.0013
2023-04-11,0.01062003,-0.00416461,0.0002,0.0069,0.0055,0.0005,0.0013
2023-04-12,0.00844768,0.01307209,0.0002,-0.0043,0.0037,0.0048,0.0044
2023-04-13,-0.01430616,-0.00550300,0.0002,0.0015,-0.0119,-0.0027,-0.0075
2023-04-14,-0.00590108,-0.00264142,0.0002,-0.0076,0.0020,0.0072,0.0013
2023-04-17,-0.00239727,-0.00495516,0.0002,0.0071,-0.0020,-0.0129,-0.0033
2023-04-18,-0.00464038,-0.01067248,0.0002,-0.0041,-0.0031,0.0005,0.0018
2023-04-19,0.01063410,0.00097228,0.0002,0.0026,0.0042,0.0001,0.0011
2023-04-20,-0.02549913,-0.00861868,0.0002,0.0014,-0.0028,0.0073,0.0053
2023-04-21,0.01205524,0.01040744,0.0002,0.0009,-0.0094,-0.0064,-0.0018
2023-04-24,0.02187086,0.01963396,0.0002,-0.0027,0.0046,0.0068,0.0032
2023-04-25,0.00487744,0.00274321,0.0002,-0.0082,0.0009,0.0043,0.0096
2023-04-26,0.01166252,0.00680687,0.0002,-0.0004,-0.0074,0.0002,-0.0039
2023-04-27,0.00619539,0.00778032,0.0002,-0.0059,0.0000,0.0044,-0.0025
2023-04-28,-0.00386971,-0.00186693,0.0002,0.0022,0.0019,0.0013,0.0022
2023-05-01,-0.00244231,-0.00368862,0.0002,0.0019,-0.0082,-0.0039,0.0024
2023-05-02,-0.01738697,-0.01354290,0.0002,-0.0074,-0.0146,0.0061,0.0017
2023-05-03,0.01855953,0.00852475,0.0002,0.0088,-0.0103,-0.0092,-0.0041
2023-05-04,0.00040307,0.00009961,0.0002,-0.0052,-0.0104,-0.0061,-0.0032
2023-05-05,-0.01726245,-0.01150962,0.0002,0.0050,0.0069,0.0026,-0.0072
2023-05-08,0.02074023,0.02645327,0.0002,-0.0038,-0.0030,-0.0055,-0.0038
2023-05-09,-0.00590034,-0.00992453,0.0002,0.0011,-0.0002,-0.0040,-0.0043
2023-05-10,0.02000560,0.02042755,0.0002,0.0020,-0.0132,-0.0013,-0.0083
2023-05-11,0.00392304,0.00062711,0.0002,-0.0052,-0.0009,0.0084,0.0013
2023-05-12,-0.01919669,-0.01268251,0.0002,-0.0010,0.0034,0.0038,0.0048
2023-05-15,-0.00522108,-0.00594087,0.0002,0.0080,0.0001,-0.0065,-0.0053
2023-05-16,0.02496251,0.01982272,0.0002,-0.0046,-0.0048,0.0079,-0.0013
2023-05-17,0.01316259,0.01212628,0.0002,0.0085,0.0122,-0.0030,-0.0031
2023-05-18,-0.00031728,-0.00235724,0.0002,-0.0023,-0.0038,0.0019,-0.0071
2023-05-19,0.01655201,0.01553828,0.0002,-0.0037,-0.0032,-0.0002,0.0014
2023-05-22,0.00990110,-0.00193337,0.0002,0.0112,-0.0020,-0.0126,-0.0094
2023-05-23,0.02273086,0.01609128,0.0002,0.0060,0.0109,0.0018,0.0024
2023-05-24,0.01760239,0.01645044,0.0002,-0.0039,-0.0020,-0.0003,-0.0007
2023-05-25,-0.01883551,-0.01164085,0.0002,-0.0104,-0.0108,0.0179,-0.0132
2023-05-26,-0.01102522,-0.00604051,0.0002,-0.0030,-0.0085,-0.0024,-0.0058
2023-05-30,0.00935572,0.00718548,0.0002,-0.0025,-0.0042,-0.0029,-0.0098
2023-05-31,0.00870480,0.00540320,0.0002,-0.0026,-0.0116,-0.0111,0.0011
2023-06-01,0.00235966,0.00341699,0.0002,0.0006,-0.0006,0.0003,-0.0041
2023-06-02,0.01076080,0.00613883,0.0002,0.0172,0.0166,0.0036,0.0071
2023-06-05,-0.00969390,-0.00244319,0.0002,-0.0111,-0.0075,-0.0066,-0.0047
2023-06-06,0.03192686,0.02175868,0.0002,0.0224,0.0135,-0.0019,-0.0046
2023-06-07,-0.04449812,-0.03902586,0.0002,0.0189,0.0228,0.0076,0.0139
2023-06-08,0.00125658,0.00184827,0.0002,-0.0078,-0.0116,-0.0015,-0.0055
2023-06-09,0.04588730,0.02960200,0.0002,-0.0080,-0.0041,0.0009,-0.0022
2023-06-12,-0.01625531,-0.01321723,0.0002,-0.0026,-0.0141,-0.0029,-0.0078
2023-06-13,-0.01150395,-0.00963282,0.0002,0.0053,0.0006,-0.0050,-0.0052
2023-06-14,0.00701192,0.00979137,0.0002,-0.0105,-0.0092,0.0069,-0.0026
2023-06-15,0.01763187,0.01088874,0.0002,-0.0037,0.0009,0.0011,-0.0003
2023-06-16,-0.00951085,-0.01348262,0.0002,-0.0051,0.0022,0.0022,0.0041
2023-06-20,-0.01911431,-0.02179792,0.0002,0.0020,-0.0069,-0.0008,-0.0056
2023-06-21,-0.01904013,-0.01334236,0.0002,0.0029,0.0053,0.0061,0.0093
2023-06-22,0.00174563,-0.01217844,0.0002,-0.0096,-0.0126,0.0020,-0.0055
2023-06-23,0.01119190,0.00467926,0.0002,-0.0060,0.0007,0.0023,0.0010
2023-06-26,-0.00224268,-0.00418272,0.0002,0.0000,0.0129,0.0060,0.0081
2023-06-27,0.00502210,-0.00869031,0.0002,0.0032,-0.0051,0.0025,-0.0071
2023-06-28,0.01987641,0.01594965,0.0002,0.0048,-0.0043,-0.0065,-0.0044
2023-06-29,-0.01452857,-0.01888738,0.0002,0.0076,0.0078,0.0060,0.0048
2023-06-30,0.02512594,0.01902446,0.0002,-0.0072,-0.0078,-0.0005,-0.0033
2023-07-03,-0.02288320,-0.02142029,0.0002,0.0027,0.0106,0.0018,0.0011
2023-07-05,-0.02438098,-0.01339437,0.0002,-0.0106,-0.0026,-0.0031,-0.0001
2023-07-06,0.02691261,0.01453615,0.0002,-0.0058,-0.0069,0.0057,0.0005
2023-07-07,0.00973143,0.01130570,0.0002,0.0130,0.0121,-0.0024,0.0019
2023-07-10,-0.00568353,-0.00311770,0.0002,0.0124,-0.0001,-0.0103,0.0054
2023-07-11,-0.00445372,0.00710754,0.0002,0.0019,0.0048,-0.0021,0.0028
2023-07-12,0.02163891,0.01013848,0.0002,0.0037,0.0046,-0.0030,-0.0043
2023-07-13,-0.02407691,-0.01175178,0.0002,-0.0007,-0.0010,-0.0016,-0.0067
2023-07-14,0.00216234,0.00866042,0.0002,-0.0069,-0.0152,0.0042,-0.0055
2023-07-17,-0.00103407,0.00112593,0.0002,0.0065,-0.0027,-0.0040,-0.0005
2023-07-18,0.02164207,0.01496448,0.0002,0.0044,0.0108,0.0063,-0.0044
2023-07-19,0.00359020,0.00095971,0.0002,0.0027,0.0132,0.0017,0.0017
2023-07-20,0.01885395,0.01892416,0.0002,-0.0035,0.0065,0.0043,0.0147
2023-07-21,0.00296007,0.00675160,0.0002,-0.0037,-0.0036,-0.0014,0.0010
2023-07-24,0.01445946,0.01127538,0.0002,-0.0003,0.0076,0.0095,-0.0022
2023-07-25,0.00983186,0.00546754,0.0002,-0.0024,-0.0078,0.0042,-0.0040
2023-07-26,0.02103644,0.02042428,0.0002,0.0087,0.0102,-0.0034,0.0065
2023-07-27,-0.00070044,-0.00237007,0.0002,-0.0082,0.0028,0.0038,0.0012
2023-07-28,0.00649150,0.00397573,0.0002,0.0043,-0.0034,-0.0072,-0.0037
2023-07-31,0.02436937,0.01167003,0.0002,0.0100,-0.0009,-0.0095,0.0007
2023-08-01,-0.01464906,-0.01254347,0.0002,-0.0011,0.0031,0.0020,-0.0028
2023-08-02,0.02521376,0.02004417,0.0002,-0.0005,0.0057,0.0068,0.0066
2023-08-03,0.02638108,0.01886725,0.0002,0.0002,0.0008,0.0030,-0.0033
2023-08-04,0.00543885,0.01829653,0.0002,0.0007,0.0076,-0.0018,-0.0065
2023-08-07,-0.00692440,-0.00585495,0.0002,-0.0109,0.0060,0.0063,-0.0009
2023-08-08,-0.02054100,-0.01231515,0.0002,0.0010,0.0014,0.0047,0.0003
2023-08-09,0.02377056,0.01595148,0.0002,-0.0001,-0.0004,0.0088,0.0001
2023-08-10,-0.00662039,-0.00532514,0.0002,-0.0045,-0.0067,-0.0004,-0.0006
2023-08-11,0.01786899,0.01165168,0.0002,0.0024,0.0045,-0.0021,0.0037
2023-08-14,-0.00998395,-0.01151041,0.0002,-0.0085,-0.0077,0.0010,-0.0063
2023-08-15,0.01983867,0.00704816,0.0002,0.0000,-0.0103,0.0020,0.0004
2023-08-16,0.00707359,0.01000288,0.0002,-0.0048,-0.0014,0.0038,0.0001
2023-08-17,-0.00317122,-0.00423468,0.0002,-0.0018,0.0049,0.0050,0.0020
2023-08-18,-0.01866934,-0.02142681,0.0002,0.0040,-0.0022,0.0007,-0.0012
2023-08-21,-0.01373274,-0.00688506,0.0002,-0.0088,-0.0059,0.0020,-0.0087
2023-08-22,0.00413256,-0.00395244,0.0002,-0.0001,-0.0104,-0.0034,-0.0022
2023-08-23,0.02714071,0.02608646,0.0002,-0.0022,-0.0012,-0.0040,-0.0023
2023-08-24,-0.01729090,-0.00659530,0.0002,0.0002,0.0062,0.0052,0.0039
2023-08-25,-0.00863862,-0.00675238,0.0002,-0.0024,-0.0057,-0.0035,-0.0017
2023-08-28,0.02098222,0.01864938,0.0002,0.0009,0.0041,0.0025,0.0004
2023-08-29,-0.00595230,-0.00391374,0.0002,-0.0008,-0.0012,-0.0005,-0.0042
2023-08-30,0.00667266,-0.00168918,0.0002,0.0009,-0.0046,-0.0040,-0.0003
2023-08-31,-0.01833821,-0.01485843,0.0002,-0.0020,0.0022,0.0004,-0.0024
2023-09-01,-0.01163513,-0.00744918,0.0002,0.0085,0.0058,0.0000,-0.0021
2023-09-05,-0.01030557,-0.00735985,0.0002,-0.0157,-0.0087,-0.0030,-0.0048
2023-09-06,0.01876690,0.02361458,0.0002,0.0001,-0.0018,-0.0045,0.0010
2023-09-07,0.01480072,0.01183743,0.0002,-0.0069,0.0002,-0.0019,0.0001
2023-09-08,0.00088835,0.00980812,0.0002,-0.0051,0.0040,0.0029,0.0001
2023-09-11,0.02366970,0.01924224,0.0002,-0.0047,-0.0052,-0.0051,-0.0035
2023-09-12,-0.01538406,-0.01027303,0.0002,0.0020,0.0101,0.0025,0.0022
2023-09-13,-0.00903892,-0.00511322,0.0002,-0.0087,-0.0019,0.0027,-0.0036
2023-09-14,-0.01746982,-0.01001934,0.0002,0.0050,0.0086,0.0080,0.0003
2023-09-15,-0.01348731,-0.01157594,0.0002,0.0021,0.0025,-0.0034,0.0047
2023-09-18,-0.00341976,-0.00108227,0.0002,-0.0082,-0.0018,0.0017,-0.0003
2023-09-19,-0.01365292,-0.01127144,0.0002,-0.0011,0.0000,0.0033,0.0029
2023-09-20,0.00858804,0.00656854,0.0002,-0.0005,0.0026,0.0028,0.0049
2023-09-21,-0.01673965,-0.01379734,0.0002,0.0034,0.0038,0.0057,0.0011
2023-09-22,-0.00141953,-0.00396296,0.0002,-0.0010,-0.0050,0.0019,-0.0017
2023-09-25,-0.00892317,-0.00049271,0.0002,-0.0006,0.0032,0.0058,-0.0046
2023-09-26,-0.00749905,-0.00696859,0.0002,0.0036,-0.0050,-0.0034,-0.0007
2023-09-27,0.01651234,0.01018234,0.0002,0.0078,0.0010,0.0018,-0.0026
2023-09-28,-0.00614966,-0.00866999,0.0002,0.0019,0.0003,0.0041,-0.0002
2023-09-29,0.00698981,0.00602153,0.0002,-0.0002,0.0032,-0.0017,-0.0015
2023-10-02,-0.00455228,-0.00473913,0.0002,-0.0128,-0.0105,0.0088,-0.0053
2023-10-03,-0.00425399,-0.00371056,0.0002,-0.0027,-0.0014,0.0030,0.0014
2023-10-04,0.01174278,0.00959989,0.0002,-0.0053,-0.0037,-0.0039,-0.0032
2023-10-05,0.02611472,0.01298682,0.0002,0.0029,0.0010,-0.0045,-0.0012
2023-10-06,-0.00605284,0.00095128,0.0002,-0.0045,-0.0056,-0.0033,-0.0052
2023-10-09,-0.01326465,-0.00750848,0.0002,-0.0015,0.0025,0.0084,-0.0039
2023-10-10,0.00861817,0.00899321,0.0002,0.0033,0.0063,-0.0024,0.0020
2023-10-11,-0.00244659,0.00043090,0.0002,-0.0065,0.0038,0.0061,-0.0023
2023-10-12,-0.00000196,0.00200520,0.0002,-0.0149,0.0011,0.0120,-0.0021
2023-10-13,-0.00259189,-0.00292252,0.0002,-0.0035,0.0006,0.0009,0.0045
2023-10-16,0.01751603,0.00625924,0.0002,0.0058,-0.0010,-0.0034,-0.0002
2023-10-17,-0.00149656,-0.00371578,0.0002,0.0104,0.0070,-0.0009,0.0032
2023-10-18,-0.01956564,-0.00769151,0.0002,-0.0060,-0.0018,0.0087,0.0045
2023-10-19,-0.00142292,-0.00380056,0.0002,-0.0054,-0.0022,-0.0005,-0.0001
2023-10-20,-0.01062493,-0.00710923,0.0002,0.0008,-0.0015,0.0019,0.0038
2023-10-23,-0.00001520,0.00506068,0.0002,-0.0058,-0.0078,0.0017,-0.0045
2023-10-24,-0.00991853,-0.00562217,0.0002,0.0008,-0.0058,-0.0098,0.0016
2023-10-25,-0.01754902,-0.00734205,0.0002,-0.0002,0.0085,0.0149,0.0019
2023-10-26,0.00838012,0.00630523,0.0002,0.0119,0.0168,-0.0073,0.0048
2023-10-27,0.00877892,0.00727705,0.0002,-0.0059,-0.0059,0.0045,-0.0097
2023-10-30,0.01950735,0.01863891,0.0002,-0.0033,0.0029,-0.0018,0.0017
2023-10-31,-0.00382910,-0.00457285,0.0002,0.0006,-0.0006,-0.0080,0.0005
2023-11-01,-0.00346660,-0.00485524,0.0002,-0.0070,-0.0002,0.0016,-0.0072
2023-11-02,-0.01022178,-0.00404451,0.0002,0.0072,0.0163,-0.0022,0.0055
2023-11-03,-0.00604761,-0.00256856,0.0002,0.0173,0.0061,-0.0118,0.0017
2023-11-06,0.00946974,0.01194874,0.0002,-0.0124,-0.0064,0.0084,-0.0020
2023-11-07,0.02559199,0.01818492,0.0002,-0.0040,-0.0122,-0.0126,-0.0007
2023-11-08,-0.00019923,-0.00187470,0.0002,-0.0101,-0.0046,0.0041,0.0005
2023-11-09,-0.00521578,0.00214751,0.0002,-0.0101,0.0049,0.0052,-0.0028
2023-11-10,-0.00434712,0.00004827,0.0002,-0.0062,-0.0044,0.0073,-0.0035
2023-11-13,-0.00293219,-0.00615687,0.0002,0.0006,-0.0026,-0.0030,-0.0018
2023-11-14,-0.00378345,-0.00702532,0.0002,0.0324,0.0119,-0.0096,-0.0023
2023-11-15,-0.01576074,-0.01109012,0.0002,0.0013,0.0050,-0.0012,0.0050
2023-11-16,-0.00571632,-0.00946938,0.0002,-0.0150,-0.0030,-0.0048,-0.0037
2023-11-17,0.00419640,0.00159460,0.0002,0.0121,0.0063,0.0002,0.0036
2023-11-20,-0.00081580,0.00374261,0.0002,-0.0011,-0.0029,-0.0029,-0.0031
2023-11-21,-0.00099352,0.00008931,0.0002,-0.0095,-0.0061,0.0042,-0.0003
2023-11-22,0.01143217,0.00851809,0.0002,0.0019,-0.0004,-0.0037,0.0001
2023-11-24,0.00528676,0.00195144,0.0002,0.0062,0.0018,-0.0050,0.0024
2023-11-27,-0.00011929,-0.00159095,0.0002,-0.0013,-0.0009,0.0012,-0.0024
2023-11-28,-0.00845054,0.00504937,0.0002,-0.0030,0.0004,-0.0015,0.0001
2023-11-29,0.00764795,0.01115162,0.0002,0.0058,0.0069,-0.0076,-0.0004
2023-11-30,-0.00731800,-0.00472485,0.0002,-0.0042,0.0001,-0.0013,0.0018
2023-12-01,0.00503797,-0.00169984,0.0002,0.0223,0.0107,-0.0036,0.0057
2023-12-04,0.00108072,-0.00934226,0.0002,0.0149,0.0051,-0.0042,0.0076
2023-12-05,0.00105332,0.00209060,0.0002,-0.0106,-0.0083,0.0020,-0.0043
2023-12-06,-0.00284811,-0.00334908,0.0002,0.0036,0.0032,-0.0023,0.0025
2023-12-07,0.00572000,0.00342503,0.0002,0.0010,0.0047,0.0008,-0.0020
2023-12-08,-0.00473657,-0.00029047,0.0002,0.0014,0.0052,-0.0012,-0.0013
2023-12-11,0.00696753,-0.00242336,0.0002,-0.0043,-0.0012,0.0003,0.0067
2023-12-12,0.01503272,0.01225872,0.0002,-0.0064,-0.0088,-0.0038,-0.0022
2023-12-13,-0.00466833,-0.00796037,0.0002,0.0193,0.0135,-0.0095,0.0015
2023-12-14,-0.00498377,-0.00419225,0.0002,0.0183,0.0203,0.0005,0.0042
2023-12-15,0.01643722,0.00872658,0.0002,-0.0059,-0.0057,0.0011,-0.0035
2023-12-18,-0.01455859,-0.00872178,0.0002,-0.0052,-0.0036,0.0034,-0.0025
2023-12-19,0.00061274,0.00170954,0.0002,0.0150,0.0069,-0.0038,0.0006
2023-12-20,0.00801314,0.01378634,0.0002,-0.0034,0.0013,0.0075,0.0006
2023-12-21,-0.00458415,-0.00208565,0.0002,0.0075,-0.0004,-0.0060,-0.0018
2023-12-22,-0.01130581,-0.01193166,0.0002,0.0061,0.0010,-0.0064,0.0020
2023-12-26,0.00566555,-0.00722782,0.0002,0.0082,0.0044,-0.0032,-0.0015
2023-12-27,0.01059020,0.01402704,0.0002,0.0016,0.0011,-0.0032,-0.0013
2023-12-28,0.01109688,0.00940424,0.0002,-0.0038,0.0004,-0.0032,0.0016
2023-12-29,0.01363228,0.01042386,0.0002,-0.0113,-0.0037,0.0067,-0.0008
2024-01-02,-0.00356474,-0.00041472,0.0002,-0.0026,0.0078,0.0067,0.0063
2024-01-03,0.01441260,0.01593924,0.0002,-0.0192,-0.0011,0.0036,-0.0018
2024-01-04,-0.01041253,-0.00643460,0.0002,0.0024,0.0009,-0.0043,0.0024
2024-01-05,-0.00795655,0.00062095,0.0002,-0.0060,0.0063,0.0009,-0.0017
2024-01-08,0.00751127,0.00647319,0.0002,0.0055,-0.0127,-0.0098,-0.0044
2024-01-09,-0.01180934,-0.00816817,0.0002,-0.0075,-0.0089,-0.0031,-0.0017
2024-01-10,0.02153868,0.01434204,0.0002,-0.0030,-0.0044,0.0024,-0.0019
2024-01-11,0.00282792,-0.00208321,0.0002,-0.0066,-0.0052,0.0045,-0.0013
2024-01-12,0.01895409,0.01537661,0.0002,-0.0022,-0.0049,0.0011,-0.0025
2024-01-16,0.00244051,0.00447487,0.0002,-0.0088,-0.0061,0.0016,-0.0026
2024-01-17,0.01764547,0.01234173,0.0002,-0.0016,-0.0025,0.0026,-0.0024
2024-01-18,-0.01214997,-0.01021086,0.0002,-0.0027,-0.0035,0.0070,-0.0019
2024-01-19,0.01135468,0.00620977,0.0002,-0.0038,0.0067,-0.0003,-0.0023
2024-01-22,0.01963464,0.00742228,0.0002,0.0183,0.0058,-0.0044,0.0011
2024-01-23,0.00776517,0.01184424,0.0002,-0.0069,-0.0055,-0.0015,0.0022
2024-01-24,-0.00739407,0.00007760,0.0002,-0.0078,0.0005,0.0026,-0.0038
2024-01-25,-0.00185815,-0.00345857,0.0002,0.0020,0.0057,-0.0018,0.0055
2024-01-26,-0.01116184,-0.00522724,0.0002,0.0035,-0.0027,0.0020,-0.0002
2024-01-29,-0.01079078,-0.01073112,0.0002,0.0089,-0.0059,-0.0110,-0.0032
2024-01-30,-0.01399734,-0.00559918,0.0002,-0.0097,0.0085,0.0096,0.0013
2024-01-31,-0.01262490,-0.01452347,0.0002,-0.0089,-0.0029,-0.0021,0.0035
2024-02-01,0.01124924,0.00245596,0.0002,0.0033,-0.0135,-0.0006,-0.0028
2024-02-02,0.01139141,0.01551514,0.0002,-0.0157,-0.0051,-0.0017,-0.0140
2024-02-05,0.00776357,0.00907517,0.0002,-0.0094,-0.0066,0.0008,-0.0014
2024-02-06,-0.02227239,-0.01703444,0.0002,0.0076,-0.0047,-0.0072,0.0058
2024-02-07,-0.02481470,-0.01827930,0.0002,-0.0103,-0.0061,0.0063,-0.0082
2024-02-08,-0.02022196,-0.01744776,0.0002,0.0141,0.0001,-0.0053,-0.0020
2024-02-09,0.00465123,0.00684309,0.0002,0.0084,-0.0042,-0.0033,-0.0042
2024-02-12,-0.00497036,-0.01057914,0.0002,0.0165,0.0111,-0.0004,0.0045
2024-02-13,-0.02595768,-0.01922489,0.0002,-0.0254,-0.0065,0.0075,-0.0006
2024-02-14,0.02176727,0.01674482,0.0002,0.0137,-0.0022,-0.0156,-0.0018
2024-02-15,-0.00550582,0.00044449,0.0002,0.0123,0.0104,-0.0021,0.0028
2024-02-16,0.01332375,0.00607223,0.0002,-0.0066,-0.0017,0.0006,0.0019
2024-02-20,-0.01703020,-0.00748305,0.0002,-0.0071,0.0033,0.0039,0.0051
2024-02-21,-0.03879516,-0.02690411,0.0002,-0.0066,0.0014,0.0087,0.0020
2024-02-22,-0.00875699,0.00131739,0.0002,-0.0156,-0.0129,0.0038,-0.0117
2024-02-23,-0.00502154,-0.00776243,0.0002,0.0032,0.0000,0.0007,-0.0010
2024-02-26,0.00660486,0.01288923,0.0002,0.0097,-0.0012,-0.0074,-0.0002
2024-02-27,0.01878046,0.01488942,0.0002,0.0124,-0.0044,-0.0110,0.0066
2024-02-28,-0.00558266,-0.00259875,0.0002,-0.0090,-0.0001,-0.0006,0.0053
2024-02-29,0.01508574,0.01469814,0.0002,-0.0017,0.0098,0.0028,-0.0072
2024-03-01,-0.00872539,-0.00202448,0.0002,0.0000,-0.0055,-0.0025,-0.0013
2024-03-04,-0.00546641,0.00207930,0.0002,-0.0061,0.0034,-0.0021,0.0023
2024-03-05,0.02756372,0.02272278,0.0002,0.0003,0.0117,0.0094,0.0058
2024-03-06,0.00925605,0.00952069,0.0002,-0.0025,-0.0003,-0.0109,-0.0004
2024-03-07,-0.01462040,-0.01303631,0.0002,-0.0049,0.0003,0.0034,-0.0074
2024-03-08,-0.00446768,-0.00569847,0.0002,0.0062,0.0057,-0.0040,0.0055
2024-03-11,0.01292696,0.00674159,0.0002,-0.0062,0.0040,0.0046,0.0063
2024-03-12,0.00882194,0.00229107,0.0002,-0.0117,-0.0069,0.0052,-0.0075
2024-03-13,-0.00208622,0.00032557,0.0002,0.0034,-0.0002,-0.0006,0.0017
2024-03-14,0.00323019,0.00262970,0.0002,-0.0147,-0.0104,0.0106,-0.0009
2024-03-15,0.01332182,0.00082086,0.0002,0.0095,0.0079,-0.0012,0.0040
2024-03-18,-0.00893930,0.00252574,0.0002,-0.0102,-0.0025,0.0021,-0.0013
2024-03-19,-0.00861823,-0.00639473,0.0002,0.0046,-0.0027,0.0045,0.0005
2024-03-20,-0.00919985,-0.01203403,0.0002,0.0104,0.0101,-0.0021,-0.0007
2024-03-21,0.01048442,0.01191924,0.0002,0.0035,0.0095,0.0023,0.0007
2024-03-22,-0.01337638,-0.01033084,0.0002,-0.0098,-0.0053,0.0029,-0.0038
2024-03-25,-0.00814735,-0.00322290,0.0002,-0.0010,0.0086,-0.0020,-0.0017
2024-03-26,-0.00794869,0.00017572,0.0002,0.0009,-0.0013,-0.0051,0.0024
2024-03-27,-0.00756501,-0.00969703,0.0002,0.0129,0.0091,-0.0020,0.0058
2024-03-28,-0.00096170,0.00295593,0.0002,0.0046,0.0048,-0.0001,0.0009
2024-04-01,-0.01732082,-0.00542459,0.0002,-0.0090,-0.0028,0.0034,-0.0032
2024-04-02,-0.01973159,-0.01369076,0.0002,-0.0103,0.0003,0.0029,0.0005
2024-04-03,-0.00200292,-0.00306042,0.0002,0.0031,-0.0003,0.0000,-0.0019
2024-04-04,0.02586246,0.01713873,0.0002,0.0021,0.0015,-0.0002,0.0007
2024-04-05,0.00041216,-0.00167564,0.0002,-0.0052,-0.0068,-0.0036,-0.0058
2024-04-08,0.01134107,0.01084998,0.0002,0.0054,0.0014,-0.0024,0.0010
2024-04-09,-0.00381770,-0.00944797,0.0002,0.0031,-0.0032,-0.0015,0.0006
2024-04-10,-0.00811310,0.00115005,0.0002,-0.0157,-0.0104,0.0033,-0.0044
2024-04-11,-0.00159995,-0.00513063,0.0002,0.0005,-0.0062,0.0012,-0.0053
2024-04-12,-0.01917441,-0.01077200,0.0002,-0.0036,0.0011,0.0065,-0.0024
2024-04-15,-0.00934062,-0.00575471,0.0002,-0.0024,0.0075,0.0082,0.0042
2024-04-16,0.00273478,0.00633165,0.0002,-0.0028,-0.0082,0.0000,-0.0026
2024-04-17,-0.00602387,-0.00884487,0.0002,-0.0038,0.0056,-0.0031,0.0053
2024-04-18,-0.02236448,-0.01969066,0.0002,-0.0009,0.0087,0.0001,0.0028
2024-04-19,0.00877681,0.01518083,0.0002,0.0125,0.0190,-0.0004,0.0129
2024-04-22,-0.00538214,-0.00410742,0.0002,-0.0012,0.0054,-0.0024,-0.0001
2024-04-23,0.01049116,0.01227840,0.0002,0.0055,0.0000,-0.0028,-0.0061
2024-04-24,0.00940606,0.00446666,0.0002,-0.0029,0.0027,0.0027,-0.0003
2024-04-25,-0.00296233,-0.00902488,0.0002,-0.0039,-0.0020,0.0038,-0.0008
2024-04-26,0.00442492,-0.00595448,0.0002,0.0021,-0.0107,0.0002,-0.0043
2024-04-29,0.00663238,-0.00007715,0.0002,0.0034,-0.0048,0.0019,-0.0012
2024-04-30,-0.03253142,-0.02070647,0.0002,-0.0027,-0.0025,-0.0059,0.0062
2024-05-01,0.02530100,0.01115573,0.0002,0.0094,0.0003,-0.0134,0.0006
2024-05-02,0.00166381,0.00097083,0.0002,0.0072,-0.0003,-0.0002,-0.0079
2024-05-03,-0.01720863,-0.01009830,0.0002,-0.0005,-0.0019,0.0042,-0.0053
2024-05-06,-0.00644659,-0.00747994,0.0002,-0.0002,-0.0006,-0.0025,-0.0069
2024-05-07,0.01834954,0.01125492,0.0002,0.0001,-0.0060,0.0015,0.0024
2024-05-08,-0.00792260,0.00297055,0.0002,-0.0040,0.0058,0.0070,0.0015
2024-05-09,-0.01727229,-0.01772219,0.0002,0.0052,0.0037,0.0004,0.0006
2024-05-10,0.00612917,-0.00356883,0.0002,-0.0090,0.0001,0.0054,-0.0006
2024-05-13,-0.02955894,-0.02888663,0.0002,0.0026,-0.0026,0.0019,0.0024
2024-05-14,0.01924086,0.01721062,0.0002,0.0051,0.0002,-0.0016,-0.0003
2024-05-15,-0.01473098,-0.01587351,0.0002,-0.0046,-0.0022,-0.0043,-0.0038
2024-05-16,0.00536992,0.00522374,0.0002,-0.0021,-0.0001,-0.0002,0.0038
2024-05-17,0.02106844,0.02260001,0.0002,-0.0022,0.0040,-0.0017,-0.0012
2024-05-20,0.02467624,0.01946525,0.0002,0.0016,-0.0088,0.0016,-0.0065
2024-05-21,0.01752665,0.01354796,0.0002,-0.0043,0.0018,0.0039,-0.0031
2024-05-22,0.00074781,-0.00312148,0.0002,-0.0040,-0.0037,-0.0044,-0.0005
2024-05-23,0.00997136,0.00752057,0.0002,-0.0069,-0.0064,0.0121,-0.0063
2024-05-24,0.00867218,0.00221206,0.0002,0.0016,0.0015,0.0028,-0.0039
2024-05-28,0.01191413,0.00575472,0.0002,0.0013,-0.0088,0.0008,-0.0111
2024-05-29,0.00468152,-0.00338689,0.0002,-0.0039,-0.0062,0.0050,-0.0002
2024-05-30,-0.01912312,-0.01266110,0.0002,0.0136,0.0100,0.0029,0.0106
2024-05-31,0.00556670,0.00841302,0.0002,-0.0001,0.0078,0.0095,0.0078
2024-06-03,-0.02392980,-0.02797187,0.0002,-0.0031,-0.0057,0.0039,-0.0044
2024-06-04,0.02161445,0.01031376,0.0002,-0.0128,-0.0076,-0.0022,-0.0012
2024-06-05,-0.01545117,-0.01501179,0.0002,0.0032,-0.0061,-0.0044,-0.0068
2024-06-06,0.02861814,0.01767195,0.0002,-0.0057,-0.0007,-0.0002,-0.0017
2024-06-07,0.00442359,-0.00265030,0.0002,-0.0095,0.0007,0.0033,0.0018
2024-06-10,0.01518370,0.00664295,0.0002,-0.0015,-0.0028,-0.0022,-0.0043
2024-06-11,0.02510987,0.01148751,0.0002,-0.0019,-0.0106,0.0026,-0.0021
2024-06-12,-0.00588654,0.00028109,0.0002,0.0073,0.0009,0.0010,-0.0034
2024-06-13,-0.00943077,-0.00748619,0.0002,-0.0101,-0.0063,0.0102,-0.0003
2024-06-14,-0.01135018,-0.00558959,0.0002,-0.0148,-0.0064,0.0013,0.0007
2024-06-17,0.00363280,0.01249867,0.0002,-0.0033,0.0052,0.0084,0.0023
2024-06-18,0.01422144,0.00780961,0.0002,-0.0045,0.0037,0.0026,-0.0009
2024-06-20,-0.00339877,-0.00960349,0.0002,-0.0035,0.0025,-0.0061,0.0032
2024-06-21,0.01034293,0.00089365,0.0002,0.0045,-0.0051,-0.0080,0.0017
2024-06-24,-0.00180637,0.00416531,0.0002,0.0062,0.0109,0.0004,0.0065
2024-06-25,-0.00473940,-0.00130169,0.0002,-0.0082,-0.0121,0.0008,-0.0120
2024-06-26,0.02676861,0.02380074,0.0002,-0.0001,-0.0021,0.0043,-0.0028
2024-06-27,0.01415785,0.00182554,0.0002,0.0053,-0.0039,-0.0096,-0.0011
2024-06-28,0.00513420,-0.00229833,0.0002,0.0101,0.0127,-0.0017,0.0071
2024-07-01,0.01248137,0.00374797,0.0002,-0.0105,-0.0047,0.0048,-0.0033
2024-07-02,0.01105480,0.00990120,0.0002,-0.0047,0.0040,0.0048,-0.0061
2024-07-03,-0.01752065,-0.00901284,0.0002,-0.0029,-0.0069,-0.0001,0.0058
2024-07-05,-0.00348346,0.00132320,0.0002,-0.0080,-0.0143,-0.0034,-0.0103
2024-07-08,-0.00502729,0.00167653,0.0002,0.0053,-0.0019,-0.0032,0.0047
2024-07-09,0.01437584,0.02008003,0.0002,-0.0060,0.0051,-0.0048,0.0068
2024-07-10,0.01754298,0.00927070,0.0002,-0.0013,0.0040,0.0020,0.0018
2024-07-11,-0.00026455,0.00070524,0.0002,0.0420,0.0176,-0.0103,-0.0010
2024-07-12,0.01008617,0.00823828,0.0002,0.0062,-0.0046,-0.0047,0.0013
2024-07-15,-0.01200635,-0.01221086,0.0002,0.0116,0.0060,-0.0024,-0.0036
2024-07-16,-0.01250055,-0.00932512,0.0002,0.0277,0.0134,-0.0061,0.0005
2024-07-17,-0.00284309,-0.00401119,0.0002,0.0049,0.0244,0.0077,-0.0012
2024-07-18,-0.02375882,-0.01217191,0.0002,-0.0114,0.0002,0.0098,0.0038
2024-07-19,-0.01362360,-0.00884678,0.0002,0.0008,-0.0013,-0.0011,-0.0049
2024-07-22,0.00180400,0.00582317,0.0002,0.0053,-0.0056,-0.0034,0.0068
2024-07-23,-0.01993371,-0.01583412,0.0002,0.0115,0.0000,-0.0043,-0.0017
2024-07-24,-0.00323074,-0.00505242,0.0002,0.0004,0.0171,0.0013,0.0004
2024-07-25,-0.00498273,-0.01459785,0.0002,0.0167,0.0067,-0.0014,0.0017
2024-07-26,-0.00436857,-0.01461417,0.0002,0.0055,-0.0017,0.0008,0.0013
2024-07-29,0.01640256,0.01943518,0.0002,-0.0100,-0.0048,0.0064,-0.0023
2024-07-30,-0.00009294,0.00809765,0.0002,0.0071,0.0134,0.0041,-0.0105
2024-07-31,-0.01450919,-0.00591036,0.0002,-0.0097,-0.0133,0.0051,0.0140
2024-08-01,0.01583899,0.00572334,0.0002,-0.0123,-0.0066,0.0088,-0.0093
2024-08-02,-0.02086193,-0.01398399,0.0002,-0.0119,-0.0077,0.0091,0.0079
2024-08-05,-0.01238658,-0.00675712,0.0002,-0.0034,-0.0001,-0.0009,-0.0016
2024-08-06,-0.00065300,0.00018975,0.0002,-0.0003,-0.0056,-0.0011,0.0027
2024-08-07,0.00951739,0.00497729,0.0002,-0.0046,0.0070,0.0068,-0.0090
2024-08-08,0.01992149,0.01079009,0.0002,0.0009,-0.0081,-0.0055,0.0008
2024-08-09,0.00615373,0.00742598,0.0002,-0.0076,-0.0034,0.0023,-0.0017
2024-08-12,-0.01357796,-0.00559335,0.0002,-0.0086,-0.0058,0.0009,0.0040
2024-08-13,0.00553693,0.00906433,0.0002,0.0016,-0.0075,-0.0048,0.0106
2024-08-14,-0.00810547,-0.00507593,0.0002,-0.0108,0.0025,0.0013,0.0038
2024-08-15,0.00720843,0.01078338,0.0002,0.0096,-0.0075,-0.0045,0.0041
2024-08-16,0.02342384,0.01749302,0.0002,0.0004,0.0077,-0.0024,0.0050
2024-08-19,0.01453409,0.01233717,0.0002,0.0022,-0.0026,-0.0103,0.0047
2024-08-20,0.00310625,0.00370567,0.0002,-0.0074,-0.0065,0.0037,-0.0064
2024-08-21,-0.00363968,-0.00941293,0.0002,0.0085,-0.0064,-0.0041,0.0019
2024-08-22,0.01341451,0.00533072,0.0002,-0.0024,0.0137,0.0051,-0.0024
2024-08-23,0.01255264,-0.00072762,0.0002,0.0190,0.0085,-0.0050,0.0071
2024-08-26,-0.00879247,-0.00690520,0.0002,0.0033,0.0018,0.0014,-0.0005
2024-08-27,-0.01980361,-0.00792996,0.0002,-0.0089,0.0002,0.0028,0.0023
2024-08-28,-0.02022351,-0.01237465,0.0002,-0.0021,0.0114,0.0056,-0.0018
2024-08-29,-0.00427451,-0.00012465,0.0002,0.0066,0.0029,-0.0013,-0.0121
2024-08-30,0.02196103,0.01798193,0.0002,-0.0055,0.0005,-0.0018,-0.0013
2024-09-03,-0.00539091,-0.00386917,0.0002,-0.0073,0.0136,0.0062,-0.0081
2024-09-04,-0.02288517,-0.01320781,0.0002,0.0011,-0.0058,-0.0027,-0.0007
2024-09-05,0.00117353,0.00004645,0.0002,-0.0005,-0.0068,-0.0025,0.0002
2024-09-06,-0.00543897,-0.00504065,0.0002,-0.0008,0.0018,0.0033,-0.0005
2024-09-09,-0.01277901,-0.00925930,0.0002,-0.0106,-0.0072,-0.0108,0.0037
2024-09-10,-0.01239554,-0.00435136,0.0002,-0.0028,-0.0083,-0.0008,-0.0016
2024-09-11,0.00443341,0.00340077,0.0002,-0.0065,-0.0164,-0.0018,0.0059
2024-09-12,0.01118270,0.01141509,0.0002,0.0046,-0.0050,0.0038,-0.0006
2024-09-13,0.02399433,0.00657653,0.0002,0.0190,0.0003,-0.0029,0.0030
2024-09-16,-0.01025310,-0.00388682,0.0002,0.0001,0.0091,0.0037,-0.0044
2024-09-17,0.00805625,0.00413787,0.0002,0.0077,0.0055,0.0039,-0.0032
2024-09-18,-0.00897036,-0.00594499,0.0002,0.0026,0.0027,0.0006,-0.0038
2024-09-19,-0.01517147,-0.00863909,0.0002,0.0032,-0.0020,-0.0020,-0.0004
2024-09-20,-0.00243860,-0.00029450,0.0002,-0.0078,-0.0063,0.0023,-0.0034
2024-09-23,0.00321734,0.00372264,0.0002,-0.0081,-0.0010,0.0045,-0.0023
2024-09-24,0.00455721,0.00101923,0.0002,-0.0011,-0.0057,-0.0028,0.0081
2024-09-25,-0.01159011,-0.00694877,0.0002,-0.0093,-0.0071,-0.0005,0.0014
2024-09-26,0.00887344,0.00609447,0.0002,0.0021,0.0043,-0.0051,0.0055
2024-09-27,-0.00335718,-0.01138338,0.0002,0.0070,0.0057,0.0011,-0.0006
2024-09-30,0.00789146,0.00862065,0.0002,-0.0009,0.0014,0.0040,-0.0002
2024-10-01,0.02833557,0.02283141,0.0002,-0.0065,-0.0004,0.0079,-0.0059
2024-10-02,0.02559803,0.02059204,0.0002,-0.0026,-0.0017,-0.0051,0.0041
2024-10-03,0.01845569,0.01612115,0.0002,-0.0066,0.0020,0.0045,0.0033
2024-10-04,0.01168546,0.00392629,0.0002,0.0048,0.0027,-0.0054,-0.0017
2024-10-07,0.01024665,0.00770408,0.0002,-0.0019,0.0030,0.0007,0.0077
2024-10-08,-0.00389184,0.00360923,0.0002,-0.0075,-0.0111,-0.0032,0.0021
2024-10-09,-0.02442533,-0.01707227,0.0002,-0.0047,0.0018,0.0015,-0.0023
2024-10-10,-0.00426780,-0.00717563,0.0002,-0.0038,0.0009,0.0013,0.0016
2024-10-11,0.00120984,-0.00305505,0.0002,0.0127,0.0076,-0.0098,0.0000
2024-10-14,-0.00958950,-0.01134139,0.0002,-0.0011,-0.0031,-0.0011,0.0048
2024-10-15,0.01872127,0.01094829,0.0002,0.0098,0.0051,-0.0027,-0.0044
2024-10-16,0.00711980,0.00930729,0.0002,0.0104,0.0054,-0.0032,0.0066
2024-10-17,0.02188661,0.01778281,0.0002,-0.0009,0.0016,0.0029,0.0008
2024-10-18,0.00185746,0.00818912,0.0002,-0.0043,-0.0074,-0.0058,0.0015
2024-10-21,0.00405700,0.00732524,0.0002,-0.0137,-0.0119,-0.0017,0.0044
2024-10-22,-0.00387689,0.00139413,0.0002,-0.0026,0.0058,0.0011,-0.0031
2024-10-23,-0.00269853,0.00291396,0.0002,-0.0002,0.0108,0.0026,-0.0009
2024-10-24,0.00339990,0.00492810,0.0002,0.0008,-0.0029,-0.0001,-0.0033
2024-10-25,0.02376165,0.01115939,0.0002,-0.0027,-0.0082,0.0007,-0.0031
2024-10-28,0.00155514,-0.00819572,0.0002,0.0134,0.0064,-0.0059,-0.0009
2024-10-29,-0.01111617,-0.00739233,0.0002,-0.0023,-0.0107,-0.0030,-0.0014
2024-10-30,-0.01245500,-0.00879661,0.0002,0.0017,0.0074,0.0040,-0.0012
2024-10-31,-0.00748039,-0.00656421,0.0002,-0.0001,0.0059,0.0041,0.0019
2024-11-01,-0.00516513,-0.00064392,0.0002,0.0031,-0.0107,-0.0037,0.0014
2024-11-04,0.01074045,0.00756994,0.0002,0.0068,-0.0055,0.0017,0.0036
2024-11-05,0.01877016,0.01008567,0.0002,0.0066,-0.0012,-0.0040,-0.0020
2024-11-06,-0.01007509,-0.00831610,0.0002,0.0268,0.0359,-0.0007,-0.0102
2024-11-07,0.00742958,0.00486199,0.0002,-0.0089,-0.0272,-0.0003,0.0026
2024-11-08,0.01697001,0.00134190,0.0002,0.0037,-0.0050,-0.0034,-0.0074
2024-11-11,0.00316866,0.00005672,0.0002,0.0114,0.0086,-0.0087,-0.0074
2024-11-12,-0.02141879,-0.00761410,0.0002,-0.0135,0.0013,0.0058,0.0048
2024-11-13,-0.00638536,-0.00398164,0.0002,-0.0095,0.0018,0.0037,0.0016
2024-11-14,-0.01065389,-0.00348260,0.0002,-0.0067,0.0072,0.0071,0.0018
2024-11-15,0.00164014,0.00115281,0.0002,-0.0037,0.0166,0.0017,-0.0028
2024-11-18,0.00025776,-0.00246368,0.0002,-0.0036,-0.0001,-0.0011,-0.0055
2024-11-19,-0.00474093,-0.00602392,0.0002,0.0026,-0.0161,-0.0093,0.0058
2024-11-20,0.00492806,0.00297910,0.0002,0.0005,-0.0011,0.0004,-0.0009
2024-11-21,0.00443560,0.00344980,0.0002,0.0091,0.0028,-0.0038,0.0065
2024-11-22,0.00208459,0.00181987,0.0002,0.0139,0.0043,-0.0068,-0.0065
2024-11-25,0.00037256,-0.00632655,0.0002,0.0129,0.0022,0.0006,-0.0047
2024-11-26,-0.00267747,-0.00389596,0.0002,-0.0107,-0.0068,0.0054,-0.0034
2024-11-27,-0.00718188,-0.00518210,0.0002,0.0045,0.0049,-0.0060,0.0011
2024-11-29,0.00537443,0.00593180,0.0002,-0.0005,-0.0064,-0.0005,0.0032
2024-12-02,0.00337775,0.00148896,0.0002,0.0018,-0.0066,0.0052,-0.0040
2024-12-03,0.00244603,-0.00126214,0.0002,-0.0078,-0.0055,0.0036,-0.0013
2024-12-04,-0.00607663,-0.00106429,0.0002,-0.0018,-0.0122,-0.0109,-0.0003
2024-12-05,0.00726303,0.00571449,0.0002,-0.0095,0.0047,0.0053,-0.0011
2024-12-06,0.00922894,-0.00002790,0.0002,0.0038,-0.0105,-0.0107,-0.0071
2024-12-09,0.00896482,0.00258862,0.0002,0.0044,0.0011,0.0070,-0.0004
2024-12-10,0.00702599,0.00712965,0.0002,0.0010,0.0012,0.0114,-0.0071
2024-12-11,-0.00860821,-0.00110327,0.0002,-0.0019,-0.0058,-0.0007,-0.0038
2024-12-12,0.00810220,0.00378904,0.0002,-0.0078,0.0043,0.0035,0.0014
2024-12-13,0.00094616,0.00370239,0.0002,-0.0051,-0.0030,0.0032,-0.0031
2024-12-16,0.00456777,0.00153661,0.0002,0.0040,-0.0102,-0.0110,-0.0092
2024-12-17,-0.00458288,0.00054832,0.0002,-0.0054,-0.0058,0.0008,-0.0006
2024-12-18,0.00691430,0.00741117,0.0002,-0.0127,0.0007,0.0106,0.0076
2024-12-19,-0.01165065,-0.00841286,0.0002,-0.0025,0.0001,0.0027,0.0017
2024-12-20,0.01218104,0.01231213,0.0002,-0.0026,0.0007,-0.0120,0.0064
2024-12-23,0.00733773,0.00700994,0.0002,-0.0085,-0.0020,0.0029,0.0066
2024-12-24,0.01005180,0.00910901,0.0002,-0.0012,-0.0005,-0.0011,-0.0036
2024-12-26,0.00695720,0.00706674,0.0002,0.0106,-0.0018,-0.0042,0.0035
2024-12-27,-0.01592407,-0.00977651,0.0002,-0.0044,0.0055,0.0039,0.0003
2024-12-30,0.00968795,0.00302305,0.0002,0.0025,0.0074,0.0054,0.0015
2024-12-31,-0.00572468,-0.00027113,0.0002,0.0032,0.0071,0.0033,0.0002
2025-01-02,-0.01051914,-0.00358004,0.0002,-0.0002,-0.0029,-0.0064,0.0062
2025-01-03,0.01252668,0.01574258,0.0002,0.0029,-0.0092,-0.0126,0.0037
2025-01-06,0.00961169,0.00953377,0.0002,-0.0062,-0.0032,-0.0040,0.0055
2025-01-07,0.01550744,0.00794337,0.0002,0.0013,0.0082,0.0021,-0.0106
2025-01-08,-0.00314463,-0.00592403,0.0002,-0.0057,-0.0009,0.0077,0.0000
2025-01-10,-0.01543676,-0.01416311,0.0002,-0.0081,-0.0018,0.0116,-0.0051
2025-01-13,-0.00329018,-0.00478458,0.0002,-0.0019,0.0119,0.0076,-0.0025
2025-01-14,-0.00816812,-0.00744383,0.0002,0.0078,0.0167,0.0042,-0.0031
2025-01-15,-0.01176345,-0.01053325,0.0002,0.0027,0.0014,-0.0058,-0.0027
2025-01-16,-0.01723519,-0.01505166,0.0002,0.0016,0.0018,-0.0039,-0.0027
2025-01-17,-0.00087623,-0.00840314,0.0002,-0.0058,0.0012,-0.0016,0.0009
2025-01-21,0.01997722,0.01422288,0.0002,0.0097,-0.0101,-0.0090,0.0033
2025-01-22,-0.01890956,-0.01218786,0.0002,-0.0098,-0.0121,0.0005,0.0037
2025-01-23,0.01453906,0.01309571,0.0002,-0.0002,-0.0027,-0.0043,0.0029
2025-01-24,-0.02672295,-0.02077507,0.0002,0.0006,0.0068,0.0005,-0.0060
2025-01-27,0.01330387,0.01049725,0.0002,0.0030,0.0245,-0.0014,-0.0173
2025-01-28,0.00468420,0.00895178,0.0002,-0.0053,-0.0164,-0.0058,0.0049
2025-01-29,0.02255555,0.01621105,0.0002,0.0023,0.0052,0.0041,-0.0052
2025-01-30,-0.01283815,-0.00543222,0.0002,0.0035,-0.0001,-0.0029,0.0008
2025-01-31,-0.01060093,-0.00118141,0.0002,-0.0038,-0.0018,-0.0039,-0.0069
2025-02-03,-0.00805041,-0.00354045,0.0002,-0.0069,-0.0025,-0.0022,-0.0041
2025-02-04,-0.00006392,0.00143747,0.0002,0.0079,-0.0013,-0.0032,-0.0033
2025-02-05,-0.00486509,-0.00534631,0.0002,0.0049,0.0030,-0.0038,0.0129
2025-02-06,-0.00222267,-0.00172268,0.0002,-0.0055,0.0058,0.0033,0.0035
2025-02-07,-0.02010266,-0.01111878,0.0002,-0.0039,0.0001,-0.0060,0.0015
2025-02-10,-0.00550953,-0.00785972,0.0002,-0.0010,-0.0109,-0.0009,0.0028
2025-02-11,-0.00781602,-0.00182054,0.0002,-0.0044,0.0126,0.0149,0.0018
2025-02-12,-0.00502701,0.00099912,0.0002,-0.0066,-0.0061,-0.0094,0.0004
2025-02-13,-0.02150836,-0.01442137,0.0002,0.0021,-0.0011,-0.0033,0.0037
2025-02-14,-0.00015198,0.00353419,0.0002,-0.0018,0.0048,-0.0013,0.0075
2025-02-18,0.00813239,0.00983047,0.0002,-0.0006,0.0023,-0.0049,0.0017
2025-02-19,-0.01765989,-0.01330536,0.0002,-0.0060,-0.0008,0.0047,0.0018
2025-02-20,-0.00251951,0.00284108,0.0002,-0.0053,-0.0017,0.0056,0.0044
2025-02-21,-0.00382184,0.00352835,0.0002,-0.0086,0.0072,0.0059,0.0007
2025-02-24,-0.01350721,-0.00526878,0.0002,-0.0051,0.0118,0.0078,-0.0009
2025-02-25,0.01306027,0.00334196,0.0002,0.0015,0.0067,0.0149,-0.0015
2025-02-26,-0.01291869,-0.00694187,0.0002,-0.0010,-0.0031,-0.0097,0.0053
2025-02-27,-0.00857794,-0.00122483,0.0002,-0.0022,0.0214,0.0028,-0.0098
2025-02-28,0.00202301,0.00731148,0.0002,-0.0081,0.0013,-0.0047,0.0035
2025-03-03,0.00945671,0.00724835,0.0002,-0.0093,0.0104,0.0043,-0.0087
2025-03-04,-0.00408882,-0.00451735,0.0002,0.0035,-0.0209,-0.0022,0.0024
2025-03-05,-0.00410443,-0.00348981,0.0002,0.0015,-0.0082,-0.0071,-0.0023
2025-03-06,-0.02189914,-0.00772112,0.0002,0.0041,0.0090,0.0154,-0.0013
2025-03-07,0.00814588,0.01118151,0.0002,-0.0008,-0.0036,0.0056,0.0072
2025-03-10,0.00851443,0.00852713,0.0002,-0.0019,0.0064,0.0158,0.0030
2025-03-11,-0.00069146,-0.00380618,0.0002,0.0080,-0.0011,-0.0118,-0.0044
2025-03-12,-0.00595127,-0.01061186,0.0002,-0.0042,-0.0028,-0.0141,0.0052
2025-03-13,-0.00446767,0.00178631,0.0002,-0.0065,0.0139,0.0008,0.0070
2025-03-14,-0.01180731,-0.00967147,0.0002,0.0021,0.0011,-0.0072,0.0010
2025-03-17,-0.00134664,-0.00125217,0.0002,0.0032,0.0015,-0.0055,0.0004
2025-03-18,0.01644028,0.00525353,0.0002,0.0010,0.0101,0.0037,-0.0017
2025-03-19,0.00435636,-0.00137907,0.0002,0.0045,-0.0038,-0.0002,-0.0043
2025-03-20,-0.00535110,-0.00176235,0.0002,-0.0041,0.0024,-0.0013,0.0019
2025-03-21,-0.00734887,-0.00753161,0.0002,-0.0045,-0.0071,-0.0007,-0.0030
2025-03-24,0.00900936,0.00686845,0.0002,0.0056,-0.0039,-0.0055,-0.0041
2025-03-25,-0.01153944,-0.00364547,0.0002,-0.0089,0.0005,0.0016,-0.0068
2025-03-26,-0.00350861,-0.00441389,0.0002,0.0009,0.0150,0.0111,-0.0013
2025-03-27,-0.00807037,-0.00082409,0.0002,0.0023,0.0030,0.0029,-0.0014
2025-03-28,0.00816165,0.00443725,0.0002,-0.0032,0.0039,0.0036,0.0074
2025-03-31,-0.01615927,-0.01265145,0.0002,-0.0085,0.0036,0.0118,-0.0011
2025-04-01,-0.02010191,-0.01210075,0.0002,-0.0043,0.0004,0.0067,-0.0038
2025-04-02,-0.00208024,-0.00204361,0.0002,0.0082,-0.0012,-0.0060,-0.0041
2025-04-03,-0.00617888,-0.00316738,0.0002,-0.0163,-0.0050,0.0004,-0.0058
2025-04-04,0.01789268,-0.00416833,0.0002,0.0198,-0.0026,0.0128,-0.0018
2025-04-07,0.01944582,0.01574700,0.0002,-0.0073,-0.0022,-0.0065,0.0018
2025-04-08,0.00289788,0.00538762,0.0002,-0.0119,0.0095,0.0016,-0.0030
2025-04-09,0.01026802,0.01344727,0.0002,-0.0067,-0.0300,-0.0066,0.0056
2025-04-10,0.00409304,0.00475521,0.0002,-0.0072,-0.0014,0.0063,-0.0053
2025-04-11,0.02264171,0.01469459,0.0002,-0.0037,-0.0096,-0.0007,0.0002
2025-04-14,-0.00844275,-0.00784186,0.0002,0.0017,0.0036,-0.0064,0.0009
2025-04-15,0.00823654,0.01237907,0.0002,0.0012,0.0045,-0.0087,0.0038
2025-04-16,-0.02674853,-0.01689434,0.0002,0.0112,0.0129,0.0006,-0.0068
2025-04-17,0.01237507,0.00108417,0.0002,0.0058,0.0075,0.0052,-0.0028
2025-04-21,0.00905974,0.00398976,0.0002,0.0019,0.0067,-0.0014,0.0013
2025-04-22,-0.01257750,-0.01406035,0.0002,0.0014,0.0025,-0.0026,-0.0025
2025-04-23,0.00016506,0.00394791,0.0002,-0.0014,-0.0065,-0.0109,0.0004
2025-04-24,-0.00124345,0.00484695,0.0002,-0.0001,-0.0090,-0.0119,0.0007
2025-04-25,-0.01809765,-0.01267687,0.0002,-0.0047,-0.0113,0.0001,-0.0015
2025-04-28,-0.01236665,-0.00559197,0.0002,0.0032,0.0013,-0.0003,-0.0017
2025-04-29,0.00196879,-0.00164597,0.0002,-0.0006,-0.0003,-0.0032,-0.0013
2025-04-30,0.01507251,0.01618376,0.0002,-0.0086,-0.0060,-0.0003,0.0009
2025-05-01,-0.01711605,-0.01689221,0.0002,0.0025,-0.0031,0.0082,-0.0034
2025-05-02,-0.00828628,-0.01124254,0.0002,0.0072,0.0030,-0.0020,0.0002
2025-05-05,-0.01013950,-0.00453649,0.0002,-0.0015,-0.0050,0.0030,0.0008
2025-05-06,-0.01044669,-0.00823003,0.0002,-0.0034,0.0061,0.0138,0.0020
2025-05-07,-0.01158786,-0.00639306,0.0002,-0.0035,-0.0007,-0.0036,0.0057
2025-05-08,0.02325536,0.01617472,0.0002,0.0143,-0.0006,-0.0094,0.0006
2025-05-09,0.00611944,0.01076698,0.0002,-0.0015,0.0056,0.0041,-0.0034
2025-05-12,0.01405049,0.00918698,0.0002,0.0030,-0.0140,0.0022,0.0014
2025-05-13,-0.00592886,-0.00120969,0.0002,-0.0030,-0.0012,-0.0025,0.0056
2025-05-14,0.00019862,0.00384109,0.0002,-0.0082,-0.0088,0.0010,0.0026
2025-05-15,0.00413474,0.00400929,0.0002,0.0015,0.0043,0.0031,0.0068
2025-05-16,0.00715985,0.00331959,0.0002,0.0003,-0.0043,-0.0049,-0.0002
2025-05-19,0.00372277,0.00606241,0.0002,-0.0049,-0.0003,0.0016,0.0000
2025-05-20,-0.01691519,-0.01341185,0.0002,0.0040,-0.0012,-0.0046,0.0001
2025-05-21,0.00770217,0.00065095,0.0002,-0.0106,-0.0029,0.0072,-0.0045
2025-05-22,0.00862451,-0.00172953,0.0002,0.0015,-0.0041,-0.0033,0.0034
2025-05-23,-0.01285661,-0.00639059,0.0002,0.0008,0.0037,-0.0033,-0.0002
2025-05-27,0.00302486,-0.00188098,0.0002,0.0046,-0.0026,0.0012,0.0038
2025-05-28,0.01030157,0.01228464,0.0002,-0.0043,-0.0024,-0.0022,0.0025
2025-05-29,-0.00106433,-0.00036002,0.0002,-0.0011,0.0032,0.0011,0.0071
2025-05-30,-0.01318517,-0.00941485,0.0002,-0.0038,-0.0018,0.0012,-0.0076
2025-06-02,0.01044540,0.01017768,0.0002,-0.0040,-0.0061,-0.0052,0.0006
2025-06-03,0.02075983,0.01543947,0.0002,0.0092,-0.0026,-0.0028,0.0043
2025-06-04,0.00239251,0.00243513,0.0002,-0.0001,-0.0124,-0.0027,0.0022
2025-06-05,-0.00235953,-0.00670750,0.0002,0.0047,0.0010,0.0009,-0.0009
2025-06-06,0.03383160,0.02099071,0.0002,0.0061,0.0007,-0.0043,0.0003
2025-06-09,0.01511490,0.01272846,0.0002,0.0048,-0.0008,-0.0049,-0.0006
2025-06-10,-0.00542787,0.00144325,0.0002,-0.0011,0.0029,0.0030,-0.0005
2025-06-11,-0.00529623,-0.00634384,0.0002,-0.0022,0.0021,-0.0019,-0.0004
2025-06-12,-0.01657048,-0.01039436,0.0002,-0.0075,-0.0002,0.0054,-0.0021
2025-06-13,-0.00291664,-0.00475332,0.0002,-0.0099,0.0013,0.0026,-0.0086
2025-06-16,-0.01545484,-0.00949621,0.0002,0.0043,-0.0034,-0.0054,0.0015
2025-06-17,0.00505888,0.00316770,0.0002,-0.0026,-0.0006,0.0043,-0.0040
2025-06-18,0.02983463,0.01742944,0.0002,0.0035,0.0039,-0.0059,0.0039
2025-06-20,-0.01115548,-0.00805182,0.0002,-0.0004,0.0043,0.0000,0.0039
2025-06-23,-0.02000008,-0.00945184,0.0002,0.0042,-0.0014,-0.0011,-0.0010
2025-06-24,-0.00515240,-0.00436047,0.0002,0.0024,-0.0047,-0.0107,0.0030
2025-06-25,-0.02148848,-0.00847062,0.0002,-0.0117,-0.0005,-0.0014,0.0086
2025-06-26,0.00396562,0.00490188,0.0002,0.0076,0.0033,-0.0038,-0.0003
2025-06-27,0.02943843,0.01561528,0.0002,-0.0028,-0.0001,0.0070,0.0015
2025-06-30,-0.02889509,-0.01515019,0.0002,-0.0048,-0.0003,-0.0035,0.0018
2025-07-01,0.00475853,0.00090090,0.0002,0.0145,0.0235,0.0087,0.0153
2025-07-02,0.00318914,-0.00094031,0.0002,0.0115,-0.0008,-0.0009,-0.0011
2025-07-03,0.02137432,0.02385623,0.0002,0.0011,-0.0031,-0.0042,-0.0033
2025-07-07,0.02249647,0.01538946,0.0002,-0.0079,-0.0024,0.0010,0.0009
2025-07-08,0.02080358,0.01043415,0.0002,0.0102,0.0039,-0.0031,0.0031
2025-07-09,0.01341571,0.00428933,0.0002,0.0048,-0.0080,-0.0062,-0.0061
2025-07-10,0.01498499,0.00889011,0.0002,0.0026,0.0065,0.0055,0.0070
2025-07-11,0.01301771,0.01108486,0.0002,-0.0097,0.0036,0.0047,-0.0046
2025-07-14,-0.00280592,0.00148671,0.0002,0.0020,-0.0035,-0.0083,-0.0041
2025-07-15,-0.01107363,-0.00162148,0.0002,-0.0134,-0.0150,0.0015,-0.0045
2025-07-16,0.00408987,0.00152568,0.0002,0.0049,-0.0044,-0.0079,-0.0017
2025-07-17,-0.00715516,-0.00877205,0.0002,0.0068,0.0014,-0.0037,-0.0012
2025-07-18,0.00724905,0.00341727,0.0002,-0.0081,0.0029,-0.0009,0.0007
2025-07-21,-0.01407360,-0.01092045,0.0002,-0.0012,0.0023,0.0022,0.0000
2025-07-22,-0.00761068,-0.00310911,0.0002,0.0100,0.0112,0.0012,0.0090
2025-07-23,0.00703826,0.00409866,0.0002,0.0082,-0.0041,0.0008,-0.0007
2025-07-24,0.01474576,0.01628184,0.0002,-0.0141,-0.0067,0.0026,-0.0068
2025-07-25,0.01450223,0.01090685,0.0002,-0.0012,-0.0007,-0.0007,0.0015
2025-07-28,-0.01814457,-0.01680186,0.0002,-0.0004,-0.0037,0.0029,-0.0057
2025-07-29,0.00326264,0.00358840,0.0002,-0.0093,0.0009,0.0019,-0.0004
2025-07-30,-0.00915537,-0.00769561,0.0002,-0.0072,-0.0086,-0.0040,-0.0087
2025-07-31,-0.00496906,-0.00586741,0.0002,-0.0042,-0.0077,0.0041,-0.0082
2025-08-01,0.00092431,0.00671862,0.0002,-0.0050,-0.0010,0.0019,0.0030
2025-08-04,-0.01322327,-0.01695451,0.0002,0.0064,-0.0105,-0.0041,-0.0030
2025-08-05,-0.00092958,-0.00608281,0.0002,0.0082,0.0059,-0.0033,0.0017
2025-08-06,-0.00038002,-0.00040206,0.0002,-0.0049,-0.0064,0.0044,-0.0062
2025-08-07,0.01349361,0.00856915,0.0002,-0.0036,0.0019,0.0007,0.0110
2025-08-08,0.01262024,0.00497302,0.0002,-0.0040,0.0010,0.0091,-0.0028
2025-08-11,-0.01141312,-0.00901783,0.0002,0.0017,0.0002,0.0021,-0.0011
2025-08-12,0.00120766,0.00065537,0.0002,0.0167,0.0086,-0.0012,-0.0003
2025-08-13,-0.01626423,-0.01724926,0.0002,0.0183,0.0041,-0.0079,0.0090
2025-08-14,-0.00160606,0.00107681,0.0002,-0.0105,0.0056,0.0032,-0.0039
2025-08-15,-0.00826798,-0.00373395,0.0002,-0.0014,-0.0073,-0.0037,0.0018
2025-08-18,0.01497289,0.00653880,0.0002,0.0032,0.0004,-0.0019,-0.0003
2025-08-19,-0.01172724,-0.00423270,0.0002,-0.0021,0.0159,0.0110,0.0111
2025-08-20,0.00542182,0.00096352,0.0002,-0.0025,0.0017,-0.0029,0.0014
2025-08-21,0.00727426,0.00628993,0.0002,0.0040,-0.0016,-0.0033,-0.0016
2025-08-22,0.01417362,0.01342494,0.0002,0.0224,0.0118,-0.0060,0.0019
2025-08-25,-0.01082140,0.00253629,0.0002,-0.0051,0.0046,0.0046,-0.0003
2025-08-26,0.00125374,0.00273440,0.0002,0.0024,0.0012,-0.0047,-0.0046
2025-08-27,-0.02039651,-0.01757629,0.0002,0.0045,0.0032,0.0002,0.0012
2025-08-28,-0.00922044,-0.01166563,0.0002,-0.0033,-0.0054,-0.0059,-0.0046
2025-08-29,-0.00177942,0.00211167,0.0002,0.0023,0.0085,0.0005,0.0055
2025-09-02,-0.00392038,-0.00319018,0.0002,-0.0003,0.0008,-0.0010,0.0010
2025-09-03,0.00028854,-0.00685576,0.0002,-0.0033,-0.0052,0.0052,-0.0032
2025-09-04,0.00225956,0.00021869,0.0002,0.0033,0.0036,0.0069,0.0003
2025-09-05,-0.00238691,-0.00726086,0.0002,0.0068,-0.0055,-0.0062,0.0025
2025-09-08,0.00333779,0.00143487,0.0002,-0.0012,-0.0060,-0.0045,-0.0010
2025-09-09,-0.00494909,-0.00660776,0.0002,-0.0079,-0.0017,-0.0035,-0.0051
2025-09-10,-0.00520008,0.00012386,0.0002,-0.0076,0.0036,0.0066,-0.0053
2025-09-11,0.00408905,0.00109035,0.0002,0.0082,0.0007,-0.0004,0.0072
2025-09-12,0.00300484,-0.00010487,0.0002,-0.0111,0.0004,-0.0003,-0.0064
2025-09-15,0.01254822,0.00987525,0.0002,-0.0008,-0.0068,0.0012,-0.0049
2025-09-16,-0.00443672,-0.00898325,0.0002,0.0002,-0.0010,-0.0017,0.0008
2025-09-17,0.00289128,0.00261595,0.0002,-0.0016,0.0057,-0.0044,0.0032
2025-09-18,-0.00018312,-0.00310221,0.0002,0.0145,0.0052,-0.0156,-0.0019
2025-09-19,0.00180421,0.00696064,0.0002,-0.0147,-0.0076,0.0010,-0.0036
2025-09-22,0.00184826,-0.00231471,0.0002,0.0045,-0.0111,-0.0010,-0.0054
2025-09-23,-0.00207841,-0.00239620,0.0002,-0.0008,0.0085,0.0002,0.0036
2025-09-24,-0.00299922,-0.00337859,0.0002,-0.0016,0.0098,0.0002,-0.0003
2025-09-25,-0.01067896,-0.00804907,0.0002,-0.0059,0.0059,0.0036,-0.0001
2025-09-26,0.00918167,0.00454119,0.0002,0.0040,0.0045,-0.0029,-0.0015
2025-09-29,0.00334607,0.00569315,0.0002,-0.0031,-0.0075,-0.0090,-0.0036
2025-09-30,-0.01404519,-0.01331646,0.0002,-0.0028,-0.0055,0.0040,0.0022
2025-10-01,0.00686873,0.00544468,0.0002,-0.0004,-0.0007,-0.0012,0.0017
2025-10-02,-0.00054049,-0.00235649,0.0002,0.0025,-0.0052,-0.0077,-0.0021
2025-10-03,-0.00948161,-0.01051495,0.0002,0.0068,0.0054,-0.0033,0.0013
2025-10-06,-0.00649225,-0.00797758,0.0002,-0.0043,-0.0039,-0.0162,-0.0088
2025-10-07,-0.00650931,0.00407687,0.0002,-0.0073,0.0010,0.0021,-0.0004
2025-10-08,-0.00377212,-0.00436581,0.0002,0.0053,-0.0095,-0.0110,-0.0056
2025-10-09,0.02188152,0.00938836,0.0002,-0.0022,-0.0041,-0.0052,-0.0068
2025-10-10,0.00502713,0.00848988,0.0002,-0.0053,-0.0013,0.0072,0.0018
2025-10-13,-0.00489596,-0.00668356,0.0002,0.0055,-0.0021,-0.0056,-0.0034
2025-10-14,0.00563641,0.00208755,0.0002,0.0134,0.0152,-0.0031,0.0071
2025-10-15,-0.02800689,-0.02074516,0.0002,0.0033,-0.0042,-0.0094,-0.0005
2025-10-16,0.02708694,0.02168466,0.0002,-0.0092,-0.0148,0.0091,-0.0004
2025-10-17,-0.01586222,-0.01089494,0.0002,-0.0091,0.0073,0.0057,0.0006
2025-10-20,-0.01917421,-0.01108728,0.0002,0.0093,0.0051,-0.0147,0.0002
2025-10-21,-0.02328011,-0.01702269,0.0002,-0.0021,-0.0004,0.0050,0.0076
2025-10-22,-0.02518269,-0.01006783,0.0002,-0.0033,0.0047,0.0118,0.0007
2025-10-23,-0.02990390,-0.01577277,0.0002,0.0028,-0.0023,-0.0039,0.0016
2025-10-24,0.00507412,0.00769022,0.0002,0.0024,0.0030,-0.0067,-0.0050
2025-10-27,-0.00997837,-0.00111679,0.0002,-0.0090,-0.0111,-0.0038,-0.0119
2025-10-28,-0.00232044,-0.00156846,0.0002,-0.0039,-0.0054,0.0053,-0.0101
2025-10-29,-0.00509598,-0.00440075,0.0002,-0.0105,-0.0072,0.0017,-0.0136
2025-10-30,-0.00764566,-0.00597585,0.0002,0.0004,0.0062,-0.0019,0.0042
2025-10-31,0.00242964,0.00450802,0.0002,-0.0007,-0.0025,-0.0129,0.0018
2025-11-03,0.00958320,0.01067627,0.0002,-0.0044,0.0053,-0.0001,-0.0058
2025-11-04,0.00558330,0.00422906,0.0002,-0.0051,0.0081,0.0128,0.0071
2025-11-05,-0.00160931,-0.00166819,0.0002,0.0099,-0.0017,-0.0034,0.0090
2025-11-06,0.00580987,0.00380111,0.0002,-0.0082,0.0148,0.0099,0.0049
2025-11-07,-0.00093499,-0.00226706,0.0002,0.0013,0.0068,-0.0006,0.0023
2025-11-10,0.01254212,0.00824183,0.0002,-0.0021,-0.0085,-0.0059,-0.0108
2025-11-11,0.00592240,0.00686640,0.0002,0.0028,0.0019,0.0012,0.0061
2025-11-12,0.01570705,0.01056227,0.0002,-0.0030,0.0033,0.0006,0.0024
2025-11-13,0.00599203,-0.00055020,0.0002,-0.0027,0.0077,0.0152,0.0063
2025-11-14,0.00930749,0.00404143,0.0002,0.0021,-0.0039,-0.0054,-0.0100
2025-11-17,0.01984610,0.01269094,0.0002,-0.0095,-0.0083,0.0022,-0.0054
2025-11-18,0.00909479,0.00553397,0.0002,0.0074,0.0093,-0.0048,0.0069
2025-11-19,0.01086952,0.01009567,0.0002,-0.0046,-0.0050,0.0048,-0.0062
2025-11-20,0.00929551,-0.00081493,0.0002,0.0025,0.0042,0.0115,0.0025
2025-11-21,0.00643518,0.00139363,0.0002,0.0184,0.0072,0.0006,0.0095
2025-11-24,0.00584556,0.00648813,0.0002,0.0004,-0.0097,-0.0109,-0.0156
2025-11-25,-0.00036946,-0.00359490,0.0002,0.0157,0.0005,-0.0012,0.0036
2025-11-26,0.01602334,0.01263160,0.0002,-0.0001,-0.0007,-0.0035,-0.0006
2025-11-28,0.00407596,0.00778945,0.0002,-0.0035,0.0036,-0.0073,-0.0001
2025-12-01,-0.00477004,0.00050815,0.0002,-0.0028,0.0051,0.0081,0.0013
2025-12-02,0.00142294,0.00059247,0.0002,-0.0055,0.0018,0.0015,0.0007
2025-12-03,0.02101898,0.01334298,0.0002,0.0130,0.0011,-0.0114,0.0007
2025-12-04,0.00245405,0.00399994,0.0002,0.0019,-0.0076,-0.0056,-0.0058
2025-12-05,-0.02631841,-0.02195020,0.0002,-0.0034,0.0003,-0.0013,-0.0036
2025-12-08,0.00828979,0.01030619,0.0002,0.0024,-0.0001,-0.0074,-0.0039
2025-12-09,-0.00219440,0.00314472,0.0002,0.0054,0.0023,0.0006,0.0008
2025-12-10,-0.00482789,-0.00269135,0.0002,0.0087,0.0145,0.0008,0.0069
2025-12-11,-0.00707458,-0.00192662,0.0002,0.0061,0.0022,-0.0009,0.0006
2025-12-12,0.00260784,-0.00241023,0.0002,-0.0013,0.0091,0.0066,0.0076
2025-12-15,0.00883997,0.00737718,0.0002,-0.0063,0.0092,0.0095,0.0051
2025-12-16,-0.01074081,-0.00674777,0.0002,0.0005,-0.0085,-0.0020,-0.0039
2025-12-17,-0.01273616,-0.00276389,0.0002,0.0019,0.0129,0.0067,0.0099
2025-12-18,-0.01773527,-0.02121223,0.0002,-0.0014,-0.0081,-0.0039,-0.0043
2025-12-19,0.01580316,0.01081641,0.0002,-0.0052,-0.0102,-0.0093,-0.0069
2025-12-22,0.00489481,0.00305453,0.0002,0.0012,-0.0028,-0.0066,-0.0032
2025-12-23,-0.00694864,-0.00193923,0.0002,-0.0090,-0.0019,0.0068,-0.0042
2025-12-24,-0.00300244,0.00456361,0.0002,0.0007,0.0001,-0.0004,0.0023
2025-12-26,-0.00391212,-0.00233234,0.0002,-0.0021,0.0009,0.0057,0.0023
2025-12-29,0.00172283,0.00277793,0.0002,-0.0015,0.0006,0.0033,0.0002
2025-12-30,0.00864510,0.00102640,0.0002,-0.0051,0.0031,0.0032,0.0013
2025-12-31,0.01240757,0.00305201,0.0002,0.0006,-0.0009,-0.0007,-0.0005
2026-01-02,0.00625111,0.00501734,0.0002,0.0004,0.0087,-0.0030,0.0043
2026-01-05,0.02175137,0.01361277,0.0002,0.0048,0.0004,-0.0060,0.0012
2026-01-06,-0.01059090,-0.00673835,0.0002,0.0074,-0.0008,-0.0031,0.0019
2026-01-07,0.00030854,0.00190764,0.0002,0.0018,-0.0088,-0.0051,-0.0070
2026-01-08,0.01157719,0.00074768,0.0002,0.0120,0.0133,0.0116,0.0063
2026-01-09,-0.01747575,-0.01337426,0.0002,0.0014,-0.0046,-0.0006,-0.0020
2026-01-12,-0.00295453,-0.00608210,0.0002,0.0023,-0.0068,-0.0016,-0.0005
2026-01-13,-0.01150671,-0.00934556,0.0002,-0.0015,0.0052,-0.0025,0.0032
2026-01-14,-0.00197551,-0.00276131,0.0002,0.0113,0.0049,-0.0060,0.0049
2026-01-15,-0.00988444,-0.00529446,0.0002,0.0049,0.0067,0.0048,0.0035
2026-01-16,-0.00560474,-0.00615543,0.0002,-0.0014,-0.0027,0.0001,-0.0046
2026-01-20,0.00237662,0.00058733,0.0002,0.0043,0.0046,-0.0060,0.0019
2026-01-21,0.01401383,0.00214641,0.0002,0.0102,0.0138,-0.0028,0.0073
2026-01-22,0.01465377,0.00954258,0.0002,0.0041,-0.0034,-0.0091,-0.0035
2026-01-23,0.00162503,-0.00033407,0.0002,-0.0127,-0.0149,0.0101,-0.0045
2026-01-26,0.00161251,0.00332440,0.0002,-0.0070,-0.0021,0.0065,0.0008
2026-01-27,-0.00691588,-0.00215316,0.0002,-0.0014,0.0028,-0.0015,-0.0050
2026-01-28,-0.00483642,-0.00272524,0.0002,-0.0082,0.0039,0.0018,-0.0043
2026-01-29,-0.01350403,-0.00905237,0.0002,0.0040,0.0138,0.0131,0.0058
2026-01-30,0.00983632,0.01078684,0.0002,-0.0047,0.0034,0.0169,0.0077
2026-02-02,0.01887590,0.01225796,0.0001,0.0074,0.0029,0.0025,0.0031
2026-02-03,-0.01053699,-0.01022072,0.0001,0.0047,0.0198,-0.0043,0.0082
2026-02-04,0.01679237,0.01398994,0.0001,0.0018,0.0217,0.0247,0.0236
2026-02-05,-0.00928762,-0.00283542,0.0001,-0.0059,0.0093,0.0176,0.0076
2026-02-06,-0.01838660,-0.00814311,0.0001,0.0089,-0.0029,-0.0163,-0.0002
2026-02-09,-0.00074711,0.00363881,0.0001,-0.0024,-0.0073,-0.0086,-0.0050
2026-02-10,-0.02406283,-0.01880907,0.0001,0.0011,-0.0005,-0.0019,0.0033
2026-02-11,0.01051944,0.00436934,0.0001,-0.0042,0.0058,0.0090,0.0041
2026-02-12,0.00132169,0.00152705,0.0001,-0.0004,0.0019,0.0075,0.0022
2026-02-13,0.01839946,0.01061574,0.0001,0.0054,0.0063,-0.0061,0.0041
2026-02-17,0.00826200,0.00252024,0.0001,-0.0015,-0.0037,0.0015,-0.0022
2026-02-18,0.00064781,0.00323939,0.0001,-0.0019,-0.0007,-0.0011,0.0018
2026-02-19,0.00823389,0.00452340,0.0001,0.0034,-0.0031,-0.0056,-0.0021
2026-02-20,0.00511383,0.00041664,0.0001,-0.0022,0.0027,0.0099,0.0011
2026-02-23,0.01288548,0.00343557,0.0001,-0.0048,-0.0133,0.0036,0.0009
2026-02-24,-0.00892873,-0.00437195,0.0001,0.0032,-0.0067,-0.0066,-0.0005
2026-02-25,0.01031869,0.01060064,0.0001,-0.0041,0.0045,-0.0061,-0.0087
2026-02-26,-0.01005677,-0.00182022,0.0001,0.0071,0.0031,-0.0055,0.0071
2026-02-27,0.01422329,0.00893694,0.0001,-0.0074,-0.0123,0.0035,0.0016
2026-03-02,-0.00653017,-0.00570247,0.0001,0.0057,0.0026,-0.0073,-0.0015
2026-03-03,-0.00627608,-0.00386296,0.0001,-0.0005,-0.0026,0.0112,-0.0026
2026-03-04,-0.00655287,-0.00547840,0.0001,0.0016,0.0001,-0.0131,-0.0066
2026-03-05,0.01152860,0.00982070,0.0001,-0.0098,-0.0040,0.0031,-0.0073
2026-03-06,-0.00414754,0.00109844,0.0001,-0.0075,-0.0010,-0.0006,0.0001
2026-03-09,0.00671869,0.00591388,0.0001,-0.0011,-0.0102,-0.0057,-0.0067
2026-03-10,-0.01309721,-0.00659417,0.0001,-0.0003,0.0016,-0.0010,-0.0009
2026-03-11,-0.00268499,-0.00366369,0.0001,-0.0015,0.0004,-0.0035,-0.0018
2026-03-12,-0.01689455,-0.00906374,0.0001,-0.0030,0.0076,0.0088,0.0013
2026-03-13,0.01423483,0.01431698,0.0001,0.0007,0.0024,-0.0012,0.0031
2026-03-16,0.00328829,-0.00357656,0.0001,0.0001,-0.0043,-0.0049,-0.0040
2026-03-17,0.00260667,0.00432016,0.0001,0.0018,-0.0005,-0.0038,0.0013
2026-03-18,0.00493897,0.00359762,0.0001,-0.0042,0.0070,-0.0028,0.0021
2026-03-19,0.00121300,0.00538305,0.0001,0.0070,0.0012,-0.0074,0.0014
2026-03-20,0.01167112,0.01177190,0.0001,-0.0036,0.0087,0.0090,0.0039
2026-03-23,0.02554375,0.01218646,0.0001,0.0123,-0.0023,-0.0027,0.0038
2026-03-24,-0.01306804,-0.00350896,0.0001,0.0044,0.0184,0.0023,0.0104
2026-03-25,0.00406671,0.00554206,0.0001,0.0064,0.0009,-0.0101,-0.0027
2026-03-26,-0.01539826,-0.01381724,0.0001,0.0031,0.0128,0.0062,0.0089
2026-03-27,-0.00335345,-0.00952035,0.0001,-0.0014,0.0072,0.0057,0.0062
2026-03-30,0.01239439,0.01155898,0.0001,-0.0059,0.0044,0.0095,0.0007
2026-03-31,-0.00790590,-0.00879537,0.0001,0.0034,-0.0164,-0.0150,-0.0110
2026-04-01,-0.00990653,-0.01083466,0.0001,-0.0007,0.0004,-0.0042,-0.0020
2026-04-02,-0.01305966,-0.01181346,0.0001,0.0046,0.0024,-0.0090,-0.0044
2026-04-06,0.01866786,0.01071477,0.0001,0.0015,0.0001,0.0037,0.0001
2026-04-07,-0.01645791,-0.00668056,0.0001,0.0015,0.0034,-0.0008,-0.0071
2026-04-08,-0.00404613,-0.00174302,0.0001,0.0000,0.0015,-0.0011,0.0018
2026-04-09,0.02519807,0.01854779,0.0001,0.0038,0.0054,0.0094,-0.0017
2026-04-10,0.00454777,-0.00296076,0.0001,-0.0026,-0.0015,0.0023,-0.0043
2026-04-13,0.00497570,0.00696209,0.0001,0.0018,-0.0067,-0.0092,-0.0015
2026-04-14,0.01328748,0.00180313,0.0001,0.0007,-0.0190,-0.0043,-0.0095
2026-04-15,0.00369870,0.00156301,0.0001,-0.0037,-0.0116,-0.0073,-0.0079
2026-04-16,-0.00035933,0.00556329,0.0001,-0.0007,0.0017,-0.0054,0.0028
2026-04-17,0.00218169,0.00232938,0.0001,0.0100,-0.0059,-0.0034,-0.0004
2026-04-20,-0.01099551,-0.00931579,0.0001,0.0048,0.0009,-0.0043,0.0077
2026-04-21,0.01537205,0.01254302,0.0001,-0.0040,0.0027,0.0023,-0.0024
2026-04-22,-0.00859944,-0.00581496,0.0001,-0.0020,-0.0106,-0.0032,-0.0113
2026-04-23,-0.01747143,-0.01039818,0.0001,-0.0011,0.0148,0.0079,0.0048
2026-04-24,-0.00336160,0.00373911,0.0001,-0.0028,-0.0028,-0.0115,-0.0054
2026-04-27,0.00541483,0.00284991,0.0001,0.0006,0.0063,0.0056,-0.0080
2026-04-28,0.00608943,0.00385450,0.0001,-0.0021,0.0086,0.0103,0.0052
2026-04-29,-0.00313555,0.00378634,0.0001,-0.0130,0.0055,-0.0073,0.0022
2026-04-30,0.00745868,0.00177922,0.0001,0.0079,-0.0071,-0.0098,0.0056
2026-05-01,-0.02699286,-0.01808358,0.0002,0.0026,-0.0044,-0.0114,0.0006
2026-05-04,-0.03029612,-0.02019008,0.0002,-0.0017,-0.0106,-0.0059,-0.0056
2026-05-05,0.01111443,0.00619551,0.0002,0.0043,0.0090,-0.0046,-0.0017
2026-05-06,0.03447776,0.02603962,0.0002,-0.0066,-0.0033,-0.0120,-0.0011
2026-05-07,0.02236750,0.01092329,0.0002,-0.0044,-0.0067,0.0043,-0.0047
2026-05-08,-0.00489890,-0.00298619,0.0002,-0.0042,0.0056,-0.0115,0.0004
2026-05-11,-0.00091961,-0.00097447,0.0002,-0.0060,-0.0027,-0.0118,-0.0038
2026-05-12,-0.01024153,-0.00138432,0.0002,-0.0065,-0.0007,0.0086,-0.0014
2026-05-13,-0.00431530,-0.00276916,0.0002,-0.0048,-0.0099,-0.0007,-0.0066
2026-05-14,0.00084696,0.00047694,0.0002,-0.0014,-0.0057,0.0039,-0.0057
2026-05-15,-0.01533990,-0.00636379,0.0002,-0.0047,-0.0004,0.0107,0.0030
2026-05-18,-0.00142367,-0.00143133,0.0002,-0.0030,0.0108,0.0086,0.0040
2026-05-19,0.01084801,0.01886200,0.0002,-0.0047,0.0051,-0.0051,0.0048
2026-05-20,0.01240586,0.01219292,0.0002,0.0091,0.0031,-0.0149,-0.0028
2026-05-21,0.00272456,-0.00054475,0.0002,0.0045,-0.0025,-0.0060,0.0049
2026-05-22,0.00211459,0.00002893,0.0002,0.0014,0.0019,-0.0039,0.0058
2026-05-26,-0.01489764,-0.01662733,0.0002,0.0084,0.0026,-0.0132,-0.0038
2026-05-27,0.01101352,0.00458449,0.0002,0.0037,-0.0035,0.0007,-0.0018
2026-05-28,-0.01528608,-0.01107085,0.0002,-0.0016,-0.0059,-0.0108,0.0005
2026-05-29,-0.00598490,0.00638859,0.0002,-0.0103,-0.0026,-0.0066,0.0015
2026-06-01,0.00780721,0.01017274,0.0001,-0.0012,-0.0104,-0.0013,-0.0022
2026-06-02,0.02156269,0.01918709,0.0001,-0.0022,0.0135,-0.0025,0.0147
2026-06-03,0.00699771,0.00663098,0.0001,-0.0081,0.0062,0.0011,0.0046
2026-06-04,-0.00257407,-0.00186858,0.0001,0.0092,0.0042,-0.0003,0.0005
2026-06-05,-0.01108238,-0.00795867,0.0001,0.0008,0.0077,0.0292,0.0083
2026-06-08,0.00416012,0.00235432,0.0001,0.0013,0.0049,-0.0074,-0.0010
2026-06-09,0.00232205,-0.00368533,0.0001,0.0073,0.0038,0.0094,0.0017
2026-06-10,-0.00975982,-0.00644290,0.0001,0.0079,0.0101,0.0065,0.0076
2026-06-11,0.01517022,0.01329162,0.0001,0.0061,-0.0005,-0.0217,0.0010
2026-06-12,0.00445493,0.01017696,0.0001,-0.0001,0.0136,-0.0078,0.0046
2026-06-15,-0.03455954,-0.02318905,0.0001,-0.0117,-0.0203,-0.0172,-0.0113
2026-06-16,-0.00874953,-0.00754346,0.0001,0.0005,0.0009,0.0148,0.0011
2026-06-17,0.01184701,0.00778691,0.0001,0.0012,-0.0005,-0.0120,-0.0017
2026-06-18,-0.02268229,-0.01423598,0.0001,0.0059,-0.0036,-0.0106,-0.0039
2026-06-22,-0.02101256,-0.01245065,0.0001,0.0006,0.0161,-0.0139,0.0052
2026-06-23,-0.00195832,0.00202324,0.0001,0.0097,0.0050,0.0124,0.0031
2026-06-24,-0.00538316,-0.00721854,0.0001,0.0078,-0.0021,0.0042,0.0061
2026-06-25,0.01266593,0.00380641,0.0001,0.0061,0.0091,-0.0076,0.0051
2026-06-26,0.01435766,0.00703649,0.0001,0.0136,-0.0095,0.0044,0.0004
2026-06-29,0.01609465,0.00446082,0.0001,-0.0089,-0.0090,-0.0177,-0.0050
2026-06-30,0.01766762,0.00744131,0.0001,-0.0010,-0.0062,-0.0110,-0.0049
